Name,City,State/Province,Zip_Code,Address,Phone,Website,Categories,Genres,Capacity,Age_Restriction,Rating,Description,Booking_Info,Facebook,Instagram,Upcoming_Events,Profile_URL,venue_type,lat,lon,Raw_Building_Area_SqFt,Building_Area_SqFt,Multi_Tenant_Flag,heuristic_capacity,Estimated_Capacity,Estimation_Method,Confidence
NXNE Music Festival,Toronto,ON,M5V 2A2,"Toronto, ON M5V 2A2",,https://www.nxne.com/,Music Festival,All Genres,,,5.0,"""NXNE is Canada’s most important discovery music festival, presenting thousands of essential emerging artists, often just before they break, from across Canada and around the world - since 1995."" The festival takes place in mid June.",Requires Premium,,https://www.instagram.com/nxne/,,https://www.indieonthemove.com/venues/nxne-music-festival-toronto-ontario,festival,43.6534817,-79.3839347,133540.6,33385.2,True,4006.2239999999997,205.0,model,medium
Supermarket,Toronto,ON,M5T 2L9,"268 Augusta Avenue, Toronto, ON M5T 2L9",,https://www.supermarketto.ca/,"Music Venue, Bar, Open Mic, Night Club",All Genres,348.0,19+,5.0,"""Supermarket Restaurant and Bar has continued to be a great place for friends to meet and get together for dining, drinks and great entertainment! The late night programming at Supermarket is eclectic. During the week, as the dining hours finish, all kinds of other events such as indie bands, comedy, book launches, open mics, songwriter evenings, dj dance parties, fundraisers, and much more take place in the Supermarket “back room”!"" Live music can be held 7 nights a week.",Requires Premium,https://www.facebook.com/supermkttoronto/,https://www.instagram.com/supermkttoronto/,Paitra; Mean Gloss; The Neverminds; Capitol; Elemantra; A Weekend at Ramona's; Kali Masi,https://www.indieonthemove.com/venues/supermarket-toronto-ontario,club,43.6566122,-79.403059,3363.2,3363.2,False,288.27428571428567,348.0,known,known
Horseshoe Tavern,Toronto,ON,M5V 2A2,"370 Queen Street West, Toronto, ON M5V 2A2",,https://www.horseshoetavern.com/,"Music Venue, Bar",All Genres,400.0,19+,5.0,"""Legendary Toronto concert venue since 1947!"" Live music can be held any night of the week.",Requires Premium,https://www.facebook.com/HorseshoeTavern,https://www.instagram.com/horseshoetavern/,One in the Chamber; Sparrow Blue.; Akeem Oh; The Brook & The Bluff; Ethan Tasch; HAPPY LANDING; Nathan Bess; Kashus Culpepper; Robyn Hitchcock; Emma Swift,https://www.indieonthemove.com/venues/horseshoe-tavern-toronto-ontario,bar,43.6490494,-79.395904,2704.2,2704.2,False,231.7885714285714,400.0,known,known
Departure Festival + Conference,Toronto,ON,M5J 1A6,"Toronto, ON M5J 1A6",,https://departureto.com/,"Music Festival, Music Conference",All Genres,,,4.33,"""Canadian Music Week Reimagined."" The festival takes place in early May.",Requires Premium,https://www.facebook.com/departurefest/,https://www.instagram.com/departurefest/,,https://www.indieonthemove.com/venues/departure-festival-conference-toronto-ontario,festival,43.6534817,-79.3839347,133540.6,33385.2,True,4006.2239999999997,205.0,model,medium
Aeolian Hall,London,ON,N5W 2Z6,"795 Dundas Street East, London, ON N5W 2Z6",,https://aeolianhall.ca/,"Music Venue, Rental",All Genres,312.0,,2.5,One of Canada's 10 best acoustic halls. Live music can be held any night of the week.,Requires Premium,https://www.facebook.com/theaeolian,https://www.instagram.com/theaeolian/,Aysanabee; Whitehorse,https://www.indieonthemove.com/venues/aeolian-hall-london-ontario,venue,,,,,False,,312.0,known,known
Ale House & Canteen,Kingston,ON,K7L 1B9,"393 Princess Street, Kingston, ON K7L 1B9",,http://www.thealehousekingston.ca/,"Music Venue, Bar",All Genres,,19+,1.0,"They host live music on Tuesday, Friday, and Saturday nights.",Requires Premium,https://www.facebook.com/AleHouseAndCanteen/,https://www.instagram.com/thealehouse/,,https://www.indieonthemove.com/venues/ale-house-canteen-kingston-ontario,bar,44.233273,-76.4917073,6422.4,6422.4,False,550.4914285714285,265.0,model,high
Bronson Centre Music Theatre,Ottawa,ON,K1R 6H5,"211 Bronson Avenue, Ottawa, ON K1R 6H5",,https://bronsoncentre.ca/,"Music Venue, Rental",All Genres,958.0,,1.0,"""A vital Ottawa community hub, Bronson Centre provides an affordable home for not-profit organizations, individuals, and creatives, while at the same time providing an amplified entertainment experience for the Ottawa community."" Shows can be held any night of the week.",Requires Premium,https://www.facebook.com/bronsoncentremusictheatre,https://www.instagram.com/bronsoncentremusictheatre/,Mae Martin; Rob Anderson; Rob Anderson; Arm's Length; Super Sometimes; Steven Ho; Leith Ross; Cattle Decapitation; Steve Hofstetter; Jessica Kirson,https://www.indieonthemove.com/venues/bronson-centre-music-theatre-ottawa-ontario,venue,45.413547,-75.706419,32435.0,8108.8,True,973.0559999999999,958.0,known,known
Atomic Rooster,Ottawa,ON,K2P 1X7,"303 Bank Street, Ottawa, ON K2P 1X7",,,"Music Venue, Restaurant, Bar","Blues, Classic Rock, Country, Rock",100.0,19+,1.0,"""Atomic Rooster is a soulful place to go for a bite to eat and grab a drink with friends. We offer Live Music, Karaoke, Local Art and much more!"" Live music is held on Saturday and Sunday nights with Sundays primarily being reserved for Blues.",Requires Premium,https://www.facebook.com/profile.php?id=100028283515678,,Bonecat; Bonecat; Bonecat,https://www.indieonthemove.com/venues/atomic-rooster-ottawa-ontario,bar,45.4149883,-75.6958605,5281.9,5281.9,False,452.7342857142857,100.0,known,known
Avant Garde Bar,Ottawa,ON,K1N 6A7,"135½ Besserer Street, Ottawa, ON K1N 6A7",,https://avantgardebar.myshopify.com/,"Music Venue, Art Gallery, Bar",All Genres,100.0,19+,1.0,"""The idea for Avant-Garde was conceived through many conversations with residents of Ottawa, who craved for a meeting place that inspires. It is not simply an art bar, it is a revolutionary culture hub, where local poets, artists, designers, and political activists gather to discuss and implement their latest projects. We are proud supporters of local and international artists, who love to experiment and push the limits of music."" Live music can be held any night of the week. Under age patrons are allowed with a legal guardian.",Requires Premium,https://www.facebook.com/avantgardebarottawa,https://www.instagram.com/avantgardebar/,August John; Sparrow Blue.; The Thick; Among Legends; Bonita; Polarized; bug crush; The Berns; Neurotypes; Zach Bellas,https://www.indieonthemove.com/venues/avant-garde-bar-ottawa-ontario,bar,45.4266853,-75.6889598,1947.3,1947.3,False,166.91142857142856,100.0,known,known
Adelaide Hall,Toronto,ON,M5H 1X6,"250 Adelaide Street West, Toronto, ON M5H 1X6",,https://adelaidehallto.com/,Music Venue,All Genres,475.0,,1.0,"""Adelaide Hall is a multifaceted event space and concert venue, showcasing live music as well as some of the city’s hottest DJs and upcoming artists."" Shows can be held any night of the week.",Requires Premium,https://www.facebook.com/AdelaideHallTO/,https://www.instagram.com/adelaidehallto/,Dorene; Joseph; Barns Courtney; Belle and Chain; Baby Jane; Mitch Zorn; Bradley Hale; Tyler Lorette; Wild Rivers; LTL,https://www.indieonthemove.com/venues/adelaide-hall-toronto-ontario,venue,43.6483222,-79.3891121,5134.0,5134.0,False,616.08,475.0,known,known
Timothy's Pub,Toronto,ON,M8W 3T7,"344 Browns Line, Toronto, ON M8W 3T7",,https://www.timothyspub.ca/,"Pub, Music Venue","Acoustic, Blues, Classic Rock, Country, Dance, Funk, R&B, Rock, Singer-Songwriter",,,,"""A true neighborhood pub. Etobicoke’s best live music destination. Sports bar. Traditional pub fare & the best chicken wings in town."" Shows are held 6 nights a week, Tuesday-Sunday, with Tuesdays being reserved for a regular performer.",Requires Premium,https://www.facebook.com/timothyspub.toronto/,https://www.instagram.com/timothyspub,Greg Wyard; The Music Factory (TMF); Greg Wyard; Greg Wyard; The Music Factory (TMF); Greg Wyard; Greg Wyard; Greg Wyard; Greg Wyard; Greg Wyard,https://www.indieonthemove.com/venues/timothys-pub-toronto-ontario,bar,43.6001633,-79.5447958,3067.0,3067.0,False,262.8857142857143,260.0,model,high
GigSpace Performance Studio,Ottawa,ON,K1Y 3E5,"953 Gladstone Avenue, Ottawa, ON K1Y 3E5",,https://www.gigspaceottawa.com/,"Music Venue, Jazz & Blues",Jazz,44.0,,,"""The mandate of GigSpace is to enlighten, inspire, educate and promote music and musicians in a supportive and creative atmosphere. We reach out to our audiences and engage the community through concerts, masterclasses, workshops and music education courses."" Friday and Saturday evening are available for public performances. Friday, Saturday and Sunday afternoons may be available for workshops. GigSpace is usually booked Monday through Thursday with ongoing classes, workshops and rehearsals.",Requires Premium,https://www.facebook.com/GigSpaceOttawa,https://www.instagram.com/GigSpace.Ottawa,,https://www.indieonthemove.com/venues/gigspace-performance-studio-ottawa-ontario,bar,45.4145724,-75.687792,2660.9,2660.9,False,456.1542857142857,44.0,known,known
Warehouse Concert Hall,St. Catharines,ON,L2R 4M2,"11 Geneva Street, St. Catharines, ON L2R 4M2",,https://warehouseconcerthall.com/,Music Venue,All Genres,190.0,,,"""Warehouse Concert Hall is a multi-use concert and event space, located centrally in downtown St. Catharines. Opened in April 2017, Warehouse is the Niagara Region’s only dedicated live music venue, and is a perfect space for concerts, private parties, functions, DJ nights, video recording, fundraisers and more."" Shows can be held any night of the week.",Requires Premium,https://www.facebook.com/warehouseconcerthall,https://www.instagram.com/warehouseconcerthall,Paitra; PRRR; KryOGeniX; The OBGMs; Gutter King; The Downcast; The Free Label; Texas King; Bleeker; Born In The Eighties,https://www.indieonthemove.com/venues/warehouse-concert-hall-st-catharines-ontario,theatre,43.1603583,-79.2402534,1221.9,1221.9,False,104.73428571428572,190.0,known,known
Algonquin College,Ottawa,ON,K2G 1V8,"1385 Woodroffe Avenue, Ottawa, ON K2G 1V8",,https://www.algonquinsa.com/,College/University,All Genres,,,,,Requires Premium,https://www.facebook.com/AlgonquinSA/,https://www.instagram.com/sa_algonquin,,https://www.indieonthemove.com/venues/algonquin-college-ottawa-ontario,venue,45.3501761,-75.7565679,62192.0,15548.0,True,932.8799999999999,715.0,model,medium
The Studio,Hamilton,ON,L8P 4Y2,"1 Summers Lane, Hamilton, ON L8P 4Y2",,https://www.firstontarioconcerthall.ca/venues/detail/the-studio,Music Venue,All Genres,550.0,,,"""An intimate, versatile space within Hamilton’s premier performing arts center, The Studio is available for concerts and live shows as well as for TV, film and photography projects."" They host a varied amount of shows per month, about once a week on average. Shows generally fall on Friday and Saturday nights.",Requires Premium,https://www.facebook.com/FirstOntarioConcertHall,,Madeleine Peyroux; Joy Clark; Barak Mori; Anthony Rodia; Shaylyn; Josh Thomas; Highwaymen Show,https://www.indieonthemove.com/venues/the-studio-hamilton-ontario,venue,43.2562292,-79.8725026,217297.9,54324.5,True,3259.47,550.0,known,known
Options Jazz Lounge at Brookstreet,Ottawa,ON,K2K 2W2,"525 Legget Drive, Ottawa, ON K2K 2W2",,https://www.brookstreethotel.com/options-jazz-lounge,"Music Venue, Bar, Jazz & Blues",Jazz,,19+,,"""An integral part of the Brookstreet boutique hotel vibe, experience Options Jazz Lounge; the best jazz bar Ottawa has to offer. Fill your ears with live local jazz music and tantalize your taste buds with the culinary creations by Chef Clifford Lyness."" They host live Jazz 7 nights a week.",Requires Premium,https://www.facebook.com/Brookstreet/timeline/,https://www.instagram.com/brookstreetott/,,https://www.indieonthemove.com/venues/options-jazz-lounge-at-brookstreet-ottawa-ontario,bar,45.3480689,-75.9175873,49814.9,12453.7,True,2134.92,490.0,model,medium
Chateau Lafayette,Ottawa,ON,K1N 5S6,"42 York Street, Ottawa, ON K1N 5S6",,https://www.thelaff.ca/,"Bar, Music Venue, Pub","Acoustic, Blues, Classic Rock, Country, Funk, Jazz, Singer-Songwriter",,19+,,"""Ottawa's Oldest Tavern, since 1849."" They host host live music Monday-Sunday with most nights being reserved for regular performers. They do host open mic on Tuesday nights and revolving local bands on Thursday nights. The last Sunday of the month is reserved for the best performers from the open mic.",Requires Premium,https://www.facebook.com/thelaffottawa,https://www.instagram.com/thelaffottawa,John Allaire; Ron Leary; John Allaire,https://www.indieonthemove.com/venues/chateau-lafayette-ottawa-ontario,bar,45.4277698,-75.6932149,1641.0,1641.0,False,281.3142857142857,145.0,model,high
Fourth Stage,Ottawa,ON,K1P 5W1,"1 Elgin Street, Ottawa, ON K1P 5W1",,https://nac-cna.ca/en/venue/fourth-stage,"Music Venue, Rental","Blues, Chamber, Classical, Country, Electronic, Folk, Jazz, Pop, Roots Music, Singer-Songwriter",150.0,14+,,"""With its long, street-level windows and cabaret seating, The Fourth Stage is the NAC’s home of discovery and community. The Fourth Stage offers an intimate setting, coupled with the National Art Centre’s exceptional sound and lighting. Every year it hosts hundreds of emerging music concerts, speakers, and community events."" They host events any day of the week.",Requires Premium,https://www.facebook.com/CanadasNAC.CNAduCanada,https://instagram.com/NAC.CNA,MIINA; The Battle of Santiago; Kazdoura,https://www.indieonthemove.com/venues/fourth-stage-ottawa-ontario,bar,45.4231581,-75.6938293,152000.4,38000.1,True,6514.302857142857,150.0,known,known
Kemptville Street Piano,Kemptville,ON,K0G 1J0,"1 Water Street, Kemptville, ON K0G 1J0",,,"Park, Music Venue, Seasonal","Acoustic, Singer-Songwriter",,,,"""Kemptville's Street Piano, a public piano with a concert series, creative events and so much music!"" Performances take place on Saturdays during the summer months.",Requires Premium,https://www.facebook.com/KemptvilleStreetPiano,https://www.instagram.com/kemptville.street.piano/,,https://www.indieonthemove.com/venues/kemptville-street-piano-kemptville-ontario,bar,45.0163271,-75.6459401,12002.7,3000.7,True,257.2028571428571,285.0,model,medium
Ottawa Chamberfest,Ottawa,ON,K2P 0W7,"4 Florence Street, Ottawa, ON K2P 0W7",,https://www.chamberfest.com/summer-festival/,Music Festival,"Chamber, Classical",,,,"""Ottawa Chamberfest has been sharing music for 30 years now. We’ve grown from a small summer festival to a year-round arts organization."" The festival takes place from late July to early August each year. The also host several music series' throughout the year.",Requires Premium,https://www.facebook.com/ottawachamberfest,https://www.instagram.com/chamberfest/,,https://www.indieonthemove.com/venues/ottawa-chamberfest-ottawa-ontario,festival,45.4125792,-75.6942438,9505.6,9505.6,False,570.336,325.0,model,high
Beaches Jazz Festival,Toronto,ON,M4L 1G8,"1798 Queen Street, Toronto, ON M4L 1G8",,https://www.beachesjazz.com/,Music Festival,"All Genres, Jazz",,,,"""The Beaches International Jazz Festival is a month-long music festival held each year in the lakeside Beaches community of Toronto in July. It's now one of Canada's largest free jazz festivals with nearly 1,000,000 attendees, throughout its month-long span. The Festival takes place across a number of venues; stage concerts are held in several different parks within the area and also along a two kilometre stretch of the Beach mainstreet during StreetFest - Queen Street East.""",Requires Premium,https://www.facebook.com/beachesjazz/,https://www.instagram.com/beachesjazz/,,https://www.indieonthemove.com/venues/beaches-jazz-festival-toronto-ontario,festival,43.667891,-79.3102044,1113.0,1113.0,False,66.78,215.0,model,high
Wintersong Music Festival,Stouffville,ON,L4A 0A1,"Stouffville, ON L4A 0A1",,https://wintersong.ca/,Music Festival,All Genres,,,,"""100+ Bands, 18+ Venues FREE TO ATTEND Industry Panels, Musical Gear Swap, Silent Disco, Free Shuttle Bus, Youth Stage + more."" The festival takes place in January.",Requires Premium,https://www.facebook.com/wintersongfest,https://www.instagram.com/wintersongfest/,,https://www.indieonthemove.com/venues/wintersong-music-festival-stouffville-ontario,festival,43.9717581,-79.2454446,10456.9,10456.9,False,627.414,505.0,model,high
Toronto Jazz Festival,Toronto,ON,M4X 1L8,"Toronto, ON M4X 1L8",,https://torontojazz.com/,Music Festival,"Blues, Funk, Hip Hop, Jazz, Latin, R&B",,,,"""10-day music festival in downtown Toronto."" The festival takes place in mid to late June.",Requires Premium,https://www.facebook.com/torontojazzfest,https://www.instagram.com/torontojazzfest/,,https://www.indieonthemove.com/venues/toronto-jazz-festival-toronto-ontario,festival,43.6534817,-79.3839347,133540.6,33385.2,True,4006.2239999999997,205.0,model,medium
The Broom Factory,Kingston,ON,K7K 3A9,"305 Rideau Street, Kingston, ON K7K 3A9",,https://www.broomfactory.ca/,Music Venue,All Genres,225.0,,,"""A community hub in Kingston’s Inner Harbour serving film, music, design and the arts."" While most shows take place Thursday-Saturday nights, they can be held any night of the week.",Requires Premium,,https://www.instagram.com/broomfactorykingston/,Old Man Luedecke; Marlo Green; The Deep Dark Woods; Cancer Bats; chastity; TEETH; ANCIIENTS; Haley Heynderickx; Max García Conover; Dead Root Revival,https://www.indieonthemove.com/venues/the-broom-factory-kingston-ontario,venue,44.2419501,-76.4833163,6613.0,6613.0,False,396.78,225.0,known,known
Mixto Festival,Toronto,ON,M6H 3T8,"Toronto, ON M6H 3T8",,https://www.mixtofestival.com/,Music Festival,"All Genres, World",,,,"""Mixto Festival celebrates a truly intercultural city. It brings together communities, cultures and contemporary experiences in a uniquely celebratory format that avoids presenting “world music” as a static or exotic experience."" The festvial takes place in mid July.",Requires Premium,https://www.facebook.com/mixtofestival,https://www.instagram.com/mixtofestival,,https://www.indieonthemove.com/venues/mixto-festival-toronto-ontario,festival,43.6534817,-79.3839347,133540.6,33385.2,True,4006.2239999999997,205.0,model,medium
Pubwells,Ottawa,ON,K1R 7P2,"96 Preston Street, Ottawa, ON K1R 7P2",,https://www.pubwells.com/,"Music Venue, Pub","Bluegrass, Classic Rock, Jazz",,19+,,"""Established in 1991, Pubwells is a cozy take on a traditional British Pub. Located in the Little Italy neighborhood of Ottawa, we make sure that if you’re looking for a night of fun and entertainment, we’re the place you’re going to want to be! From the music to the carefully curated list of drinks, from our homemade pizzas and burgers to our homey and cozy decor, our incredible staff proudly craft a unique experience for our guests."" They host live music on Thursday and Saturday nights.",Requires Premium,https://www.facebook.com/pubwells/,https://www.instagram.com/pubwells.ottawa,,https://www.indieonthemove.com/venues/pubwells-ottawa-ontario,bar,45.4088742,-75.7147178,1216.0,1216.0,False,104.22857142857143,140.0,model,high
Bowie's,Smiths Falls,ON,K7A 1E8,"20 Russell Street East, Smiths Falls, ON K7A 1E8",,https://bowiessmithsfalls.com/,"Bar, Music Venue, Open Mic","Acoustic, Singer-Songwriter",,19+,,"""Est 2019, Bowie's is a great place to catch a show in Smiths Falls, Ontario. A modern neighborhood bar, and welcoming hub for visitors, they offer a long list of regional craft beers, cocktails, and espresso."" They host open stage on Thursday nights, shows on Friday nights (sometimes Saturday nights), and a songwriter series on the third Sunday of each month.",Requires Premium,https://www.facebook.com/bowiessmithsfalls,https://www.instagram.com/sfbowies/,Rory Taillon; Craig Cardiff; Craig Cardiff; Rory Taillon,https://www.indieonthemove.com/venues/bowies-smiths-falls-ontario,bar,44.9016495,-76.0201195,2090.9,2090.9,False,179.22,65.0,model,high
Deacon Brodies Pub,Ottawa,ON,K2P 0G1,"247 Elgin Street, Ottawa, ON K2P 0G1",,https://deaconbrodies.ca/,"Pub, Music Venue, Bar","Acoustic, Singer-Songwriter",,19+,,"""Ottawa Scottish Pub with over 400 whiskies, daily specials, live music, and monthly scotch tastings!"" Shows are held Thursday-Saturday nights.",Requires Premium,https://www.facebook.com/deaconspub,https://www.instagram.com/deaconspub,,https://www.indieonthemove.com/venues/deacon-brodies-pub-ottawa-ontario,bar,45.4184795,-75.6907046,11387.6,2846.9,True,488.04,210.0,model,medium
Heart & Crown - Preston,Ottawa,ON,K1S 1V6,"353B Preston Street, Ottawa, ON K1S 1V6",,https://heartandcrown.pub/location/preston/,"Music Venue, Pub","Acoustic, Celtic, Classic Rock, Country, Folk, Irish, Pop, Rock, Singer-Songwriter, Top 40",,19+,,"""The most beautiful pub in the city with rich mahogany wood, a circular copper bar and all imported tables and chairs makes this pub truly inspired by Ireland. The copper throughout the restaurant gives a glowing effect through the night. Join us for a drink on Preston Street’s largest patio or pop in for live music performed by some of Ottawa’s finest musicians."" Shows are held Wednesday-Saturday nights. Browse additional Heart & Crown locations.",Requires Premium,https://www.facebook.com/HeartandCrownPreston/,https://www.instagram.com/heartandcrown,,https://www.indieonthemove.com/venues/heart-crown-preston-ottawa-ontario,bar,45.4014625,-75.7097784,36634.1,9158.5,True,1570.0285714285712,490.0,model,medium
The Union,Kitchener,ON,N2G 3V2,"124 Sydney Street South, Kitchener, ON N2G 3V2",,https://www.theunionkw.com/,Music Venue,All Genres,,,,"""Kitchener's multi-purpose arts hub, hosting concerts, community events, showcases, and multimedia collaborations."" Shows can be held any night of the week.",Requires Premium,,https://www.instagram.com/nofuneral.online/,Castle; 027,https://www.indieonthemove.com/venues/the-union-kitchener-ontario,restaurant,43.4385854,-80.4728914,4664.7,4664.7,False,186.588,110.0,model,high
Canadian Lakehead Exhibition,Thunder Bay,ON,P7C 2V7,"425 North Ave., Thunder Bay, ON P7C 2V7",,https://www.cle.on.ca/,Music Festival,All Genres,,,,"""The Canadian Lakehead Exhibition is an Annual Family Fair which takes place in August for 5 days from Noon to Midnight. It is deemed to be the largest Fair in all of Northwestern Ontario. The fair offers a variety of activities, entertainment and many other events during the afternoon and evening."" The fair takes place in early to mid August.",Requires Premium,https://www.facebook.com/profile.php?id=100063633695972,,,https://www.indieonthemove.com/venues/canadian-lakehead-exhibition-thunder-bay-ontario,festival,50.1818993,-86.7128995,35612.3,35612.3,False,2136.7380000000003,245.0,model,high
Wayland Bar & Grill,Thunder Bay,ON,P7E 3T2,"1019 Gore Street, Thunder Bay, ON P7E 3T2",,,"Bar, Restaurant, Music Venue","All Genres, Rock",100.0,19+,,"""Wayland Bar & Grill has been the heart and soul of Westfort for over 75 years."" They host live music on Friday and Saturday nights.",Requires Premium,https://www.facebook.com/waylandbarandgrill/,https://www.instagram.com/waylandbargrill/,,https://www.indieonthemove.com/venues/wayland-bar-grill-thunder-bay-ontario,bar,48.3640742,-89.297923,2275.5,2275.5,False,195.04285714285714,100.0,known,known
Red Lion Smokehouse,Thunder Bay,ON,P7B 2T2,"16 Cumberland Street South, Thunder Bay, ON P7B 2T2",,,"Pub, Music Venue","Acoustic, Pop, Singer-Songwriter, Soft Rock",130.0,,,"""Red Lion Smokehouse is a barbecue restaurant and smokehouse in Thunder Bay’s waterfront district. We love great food and good beer so we created a place where you can enjoy both."" They host live music on Friday nights.",Requires Premium,https://www.facebook.com/redlionsmokehouse,https://www.instagram.com/redlionsmokehouse/,,https://www.indieonthemove.com/venues/red-lion-smokehouse-thunder-bay-ontario,bar,48.434423,-89.2200468,1235.3,1235.3,False,105.88285714285713,130.0,known,known
Dragon's Den Sports Bar & Grill,Thunder Bay,ON,P7B 5J4,"1010 Dawson Road, Thunder Bay, ON P7B 5J4",,,"Bar, Music Venue","Acoustic, Classic Rock, Country, DJ, Pop, Rock",,19+,,This sports bar hosts most live music and/or DJs on Friday and Saturday nights. Acoustic performances are also possible during the week.,Requires Premium,https://www.facebook.com/dragonsdensbar/,,,https://www.indieonthemove.com/venues/dragons-den-sports-bar-grill-thunder-bay-ontario,bar,48.4518126,-89.2510501,46518.7,11629.7,True,996.8314285714287,565.0,model,medium
Phog Lounge,Windsor,ON,N9A 5P4,"157 University Avenue West, Windsor, ON N9A 5P4",,,"Music Venue, Bar",All Genres,60.0,19+,,"""Phog Lounge is an intimate bar located at 157 University Ave. W."" Shows can be held any night of the week.",Requires Premium,https://www.facebook.com/phoglounge/,https://www.instagram.com/phoglounge/,Laveda; Lock Smith; Dyse,https://www.indieonthemove.com/venues/phog-lounge-windsor-ontario,bar,42.3170209,-83.0405263,2081.3,2081.3,False,178.39714285714285,60.0,known,known
Harmony Music Hall,Vandorf,ON,L0H 1G0,"14663 Woodbine Avenue, Vandorf, ON L0H 1G0",,https://harmonymusichall.ca/,"Music Venue, Open Mic",All Genres,210.0,,,"""Nestled in the heart of York Region, Harmony Hall is a unique live music venue housed in a beautifully restored 103-year-old town hall. Located at 14663 Woodbine Avenue in Vandorf, Ontario, this one-of-a-kind destination combines historic charm with modern amenities, offering unforgettable experiences for both artists and audiences."" Most shows take place Thursday-Saturday nights with open stage on Sunday nights.",Requires Premium,https://www.facebook.com/profile.php?id=61563618565183,https://www.instagram.com/harmonymusichall,Great Lake Swimmers; Lauren Dillen; Amy Millan,https://www.indieonthemove.com/venues/harmony-music-hall-vandorf-ontario,venue,44.0026024,-79.392162,4334.0,4334.0,False,260.04,210.0,known,known
Dina's Tavern,Toronto,ON,M5S2H1,"486 Spadina Avenue, Toronto, ON M5S2H1",,https://www.dinastavern.com/,"Music Venue, Bar",All Genres,,19+,,They can host live music any night of the week.,Requires Premium,https://www.facebook.com/profile.php?id=61579176147960,https://www.instagram.com/dinastavern/,,https://www.indieonthemove.com/venues/dinas-tavern-toronto-ontario,bar,43.6470505,-79.3957799,7586.9,7586.9,False,1300.6114285714284,440.0,model,high
The Aulde Dubliner & Pour House,Ottawa,ON,K1N 7A3,"62 William Street, Ottawa, ON K1N 7A3",,https://heartandcrown.pub/location/the-aulde-dubliner-pour-house/,"Music Venue, Pub","Acoustic, Celtic, Classic Rock, Country, Folk, Irish, Pop, Rock, Singer-Songwriter, Top 40",,19+,,"""The first thing you’ll notice at the Aulde Dubliner & Pour House is the look and feel; hand-crafted and built in Ireland, it is a truly authentic two-story Irish pub. Outside you will find beautifully carved wood adorned with gold leaf, 2 patios and a mezzanine balcony overlooking the gateway to the historic ByWard Market."" Shows are held Wednesday-Saturday nights as well as on holidays. This venue is affiliated with the Heart & Crown locations.",Requires Premium,https://www.facebook.com/AuldeDubliner/,https://www.instagram.com/auldedubliner/,,https://www.indieonthemove.com/venues/the-aulde-dubliner-pour-house-ottawa-ontario,bar,45.426903,-75.6916429,2324.8,2324.8,False,398.5371428571429,135.0,model,high
Heart & Crown - Barrhaven,Ottawa,ON,K2J 5N1,"3161 Strandherd Drive #300, Ottawa, ON K2J 5N1",,https://heartandcrown.pub/location/barrhaven/,"Music Venue, Pub","Acoustic, Celtic, Classic Rock, Country, Folk, Irish, Pop, Rock, Singer-Songwriter, Top 40",,19+,,"""The Heart & Crown Barrhaven is an authentic Irish pub offering the very best in live music & sporting events, a vast list of draft and bottled beers and hearty, Irish inspired dishes to satisfy your hunger. Conveniently located at Strandherd Crossing, the Heart & Crown is nestled in the heart of this growing suburban neighborhood."" Shows are held on Friday and Saturday nights as well as on holidays. Browse additional Heart & Crown locations.",Requires Premium,https://www.facebook.com/HeartandCrownBarrhaven/,https://www.instagram.com/heartandcrown/,,https://www.indieonthemove.com/venues/heart-crown-barrhaven-ottawa-ontario,bar,45.2741382,-75.7190423,5643.8,1411.0,True,120.94285714285715,125.0,model,medium
Heart & Crown - Byward,Ottawa,ON,K1N 5P5,"67 Clarence Street, Ottawa, ON K1N 5P5",,https://heartandcrown.pub/location/byward/,"Music Venue, Pub","Acoustic, Celtic, Classic Rock, Country, Folk, Irish, Pop, Rock, Singer-Songwriter, Top 40",,19+,,"""The Heart & Crown, in Ottawa’s historic ByWard Market, consists of 5 pubs under 1 roof with 6 patios that make-up what is locally known as Ottawa’s Irish Village. Featuring Irish-inspired dishes, live music daily and domestic & international sporting events; there’s a little something for everybody. A favourite amongst the Irish community, the Heart & Crown is amongst Ottawa’s best known watering holes."" Browse additional Heart & Crown locations.",Requires Premium,https://www.facebook.com/heartandcrownbyward/,https://www.instagram.com/heartandcrown,,https://www.indieonthemove.com/venues/heart-crown-byward-ottawa-ontario,bar,45.4291355,-75.6935161,3629.3,3629.3,False,311.0828571428571,150.0,model,high
Art House,Ottawa,ON,K1R 6A1,"555 Somerset Street West, Ottawa, ON K1R 6A1",,https://www.thearthousecafe.ca/,"Music Venue, Cafe, Art Gallery, Bar, Open Mic",All Genres,,,,"""Experience the Ottawa arts community in this unique cafe, bar, and gallery! Hosting live shows, special exhibitions, and serving quality food and drinks day and night."" They host open mic on Monday nights and shows Thursday-Saturday nights with the first Saturday of each month being reserved for Jazz.",Requires Premium,https://www.facebook.com/arthousecafe613/,https://www.instagram.com/arthousecafe613/,Ethan Mitchell,https://www.indieonthemove.com/venues/art-house-ottawa-ontario,bar,45.413069,-75.7024163,1622.1,1622.1,False,139.03714285714284,80.0,model,high
Sonic Hall,Guelph,ON,N1H 4E5,"12 Wyndham Street North 2nd Floor, Guelph, ON N1H 4E5",,https://www.sonichall.ca/,"Music Venue, Rental",All Genres,700.0,,,Shows can be held any night of the week.,Requires Premium,https://www.facebook.com/profile.php?id=61563913352835,https://www.instagram.com/sonichallguelph/,Dana Sipos; MIINA; The Effens; Brendan Philip; The OBGMs; Andrew Collins; Bleeker; Texas King; Living Room for Small; Chest Fever Official,https://www.indieonthemove.com/venues/sonic-hall-guelph-ontario,venue,,,,,False,,700.0,known,known
Henry's on James,Hamilton,ON,L8L 1H3,"303 James Street North, Hamilton, ON L8L 1H3",,https://www.henrysonjames.com/,"Music Venue, Jazz & Blues, Restaurant",Jazz,,,,"""A hidden gem in the city — part intimate restaurant, part live music venue. 303 James Street North, Hamilton, Ontario."" They host live music Thursday-Sunday nights and on Sundays during brunch.",Requires Premium,,https://www.instagram.com/henrys.onjames/,,https://www.indieonthemove.com/venues/henrys-on-james-hamilton-ontario,restaurant,43.2640437,-79.8661435,2103.2,2103.2,False,84.12799999999999,120.0,model,high
Da Vinci Centre,Thunder Bay,ON,P7E 6H9,"340 Waterloo Street South, Thunder Bay, ON P7E 6H9",,https://davincicentre.com/,"Music Venue, Bar, Restaurant, Outdoor Performance Space, Seasonal",All Genres,,,,"""Traditional Italian hospitality in the heart of Thunder Bay."" They host live music on Thursday nights late June - late August/early September with their ""Summer in the Parking Lot"" series.",Requires Premium,https://www.facebook.com/davincicentretbay/,,,https://www.indieonthemove.com/venues/da-vinci-centre-thunder-bay-ontario,bar,48.3796557,-89.2661802,29220.6,7305.1,True,626.1514285714286,420.0,model,medium
Black Pirates Pub,Thunder Bay,ON,P7B 2Y6,"101-215 Red River Road, Thunder Bay, ON P7B 2Y6",,http://www.blackpiratespub.com/,"Music Venue, Pub",All Genres,150.0,19+,,"""Black Pirates Pub is Thunder Bay's premiere casual venue for local and touring Live Entertainment."" Concerts are generally held Thursday-Saturday nights, but Wednesdays are also possible.",Requires Premium,https://www.facebook.com/BlackPiratesPub/,https://www.instagram.com/blackpiratespub/,Cancer Bats; chastity; ANCIIENTS; TEETH; Gutter King; CHILIØ; Brass Camel; Mizmor; Dopethrone,https://www.indieonthemove.com/venues/black-pirates-pub-thunder-bay-ontario,bar,48.4462782,-89.2484272,3523.0,3523.0,False,301.97142857142853,150.0,known,known
The Foundry,Thunder Bay,ON,P7B 1A6,"242 Red River Road, Thunder Bay, ON P7B 1A6",,https://thefoundrypub.com/,"Music Venue, Pub, Outdoor Performance Space",All Genres,,19+,,"""A (new) old Irish gastropub with a focus on homemade and creative food using fresh and local ingredients. Located in the booming waterfront entertainment district, joining the other great late night hotspots on the Cumberland/Court/Red River pub crawl route!"" Live music is held Thursday - Saturday nights.",Requires Premium,https://www.facebook.com/foundrytbay/,https://www.instagram.com/foundrytbay/,,https://www.indieonthemove.com/venues/the-foundry-thunder-bay-ontario,bar,48.4357284,-89.2213111,2362.4,2362.4,False,202.49142857142857,95.0,model,high
The Hodder,Thunder Bay,ON,P7A 1V3,"481 Hodder Avenue, Thunder Bay, ON P7A 1V3",,,"Music Venue, Bar, Pub",All Genres,,19+,,"""Neighbourhood Bar Serving Current River and Surrounding Area Since 1939! Great Prices, Friendly Staff, and Fantastic Patrons!"" Live music is held sporadically on Saturday nights.",Requires Premium,https://www.facebook.com/TheHODDER/,,,https://www.indieonthemove.com/venues/the-hodder-thunder-bay-ontario,bar,48.4686727,-89.1823837,5733.5,5733.5,False,491.4428571428571,270.0,model,high
BSMT 254,Toronto,ON,M6H 3X9,"254 Lansdowne Avenue, Toronto, ON M6H 3X9",,https://www.bsmt254.com/,"Music Venue, Rental",All Genres,100.0,19+,,"""West end Toronto live music and DJ venue with top sound."" Most shows take place on Friday and Saturday nights. Age requirement can vary.",Requires Premium,https://www.facebook.com/bsmt254/,https://www.instagram.com/bsmt254toronto,Khary; Magugu; The City Gates; Golden Apes; Fotocrime; The Convenience; Helm; Black Budget; Myer Clarity; Fresh Kils,https://www.indieonthemove.com/venues/bsmt-254-toronto-ontario,venue,43.6511265,-79.4403021,2221.9,2221.9,False,133.31400000000002,100.0,known,known
Red Bird Live,Ottawa,ON,K1S 3X7,"1165 Bank Street, Ottawa, ON K1S 3X7",,https://www.redbirdlive.ca/,"Music Venue, Open Mic, Listening Room",All Genres,80.0,18+,,They host shows Thursday-Sunday nights with a Bluegrass jam on Mondays and open mic/open jams on Tuesdays and Wednesdays. Events can also be 19+ depending on what's arranged.,Requires Premium,https://www.facebook.com/RedBirdLive/,,Gary Louris; Gary Louris; Minor Gold; Lynne Hanson; Steve Poltz; Steve Poltz; The Suitcase Junket; Dave Gunning; Isaac Baronikian; Mama's Broke,https://www.indieonthemove.com/venues/red-bird-live-ottawa-ontario,venue,45.3925516,-75.6819826,14082.3,3520.6,True,211.23599999999996,80.0,known,known
The Moonshine Cafe,Oakville,ON,L6K 3C7,"568 Kerr Street, Oakville, ON L6K 3C7",,https://www.themoonshinecafe.com/,"Music Venue, Listening Room",All Genres,60.0,,,"""Established in 2006."" They host live entertainment Monday-Saturday nights with Mondays being reserved for jam night, Tuesdays for open mic, and Wednesdays for Country music.",Requires Premium,https://www.facebook.com/themoonshinecafe,https://www.instagram.com/moonshinecafe_oakville/,Nicholas Campbell; Wilson & The Cast Aways; Hell Bent Rockers; anddre mafra; Josh Taerk; The Gary Kendall Trio feat: Teddy Leonard & Tyler Burgess; Rick St. Clair; Dave Gunning; Lily Sazz - Musician,https://www.indieonthemove.com/venues/the-moonshine-cafe-oakville-ontario,venue,43.4481967,-79.689742,66.2,66.2,False,3.972,60.0,known,known
Stonewalls Restaurant,Hamilton,ON,L8R 2X9,"339 York Blvd, Hamilton, ON L8R 2X9",,https://www.stonewallshamilton.com/,"Music Venue, Bar, Restaurant",All Genres,,,,"""Stonewalls is Hamilton’s hottest music venue with all your favorite pub classics."" Most shows take place Friday-Sunday nights, but Thursdays are also possible.",Requires Premium,https://www.facebook.com/Stonewallshamilton,https://www.instagram.com/stonewallshamilton/,,https://www.indieonthemove.com/venues/stonewalls-restaurant-hamilton-ontario,bar,43.2633693,-79.8786373,900.2,900.2,False,77.16,115.0,model,high
Bridgeworks,Hamilton,ON,L8R 0A6,"200 Caroline Street North, Hamilton, ON L8R 0A6",,https://bridgeworks.ca/,Music Venue,All Genres,500.0,,,"""Bridgeworks is a multi-functional event space, focusing on community, arts and special events. The space is two large 6,000+ sq ft rooms, with break-out rooms, full functioning kitchen, bar/serving area, washrooms and encompasses a net capacity of 500 people."" Shows can be held any night of the week. Age requirement can vary.",Requires Premium,https://www.facebook.com/bridgeworksca,https://www.instagram.com/bridgeworkscentral/,Chest Fever Official; Chest Fever; Cam Kahin; Born In The Eighties; John Shambles; Elliott BROOD; portrayal of guilt; Street Sects; Wintersleep; Weird Nightmare,https://www.indieonthemove.com/venues/bridgeworks-hamilton-ontario,bar,43.2646312,-79.8723822,10498.0,2624.5,True,224.95714285714286,500.0,known,known
Mills Hardware,Hamilton,ON,L8N 1A9,"95 King Street East, Hamilton, ON L8N 1A9",,https://www.millshardware.ca/,Music Venue,All Genres,150.0,19+,,"""A community-based performance space for art, theatre, dance, live music, speakers, and more."" Shows can be held any night of the week.",Requires Premium,https://www.facebook.com/millshardware/,https://www.instagram.com/millshardware/,Bealby Point; MIINA; Dana Sipos; The OBGMs; Brendan Philip; The Effens; The Deep Dark Woods; Antonio Larosa; Dawson Gray; The Thick,https://www.indieonthemove.com/venues/mills-hardware-hamilton-ontario,club,43.2558583,-79.8660178,1733.8,1733.8,False,148.61142857142858,150.0,known,known
The Gasworks,Hamilton,ON,L8R 2N4,"141 Park Street North, Hamilton, ON L8R 2N4",,https://www.thegasworks.ca/,"Music Venue, Rental",All Genres,180.0,,,"""Hamilton's cultural hub for arts, education, and community...we host community meetings, weddings, concerts, poetry readings, theatre productions and much more!"" Shows can be held any night of the week.",Requires Premium,https://www.facebook.com/thegasworkshamilton/,https://www.instagram.com/thegasworkshamilton,,https://www.indieonthemove.com/venues/the-gasworks-hamilton-ontario,theatre,,,,,False,,180.0,known,known
Doors: Taco Joint & Metal Bar,Hamilton,ON,L8P 3N3,"56 Hess Street South, Hamilton, ON L8P 3N3",,,"Music Venue, Pub","All Genres, Metal, Punk",75.0,19+,,"""Great music venue in the heart of downtown Hamilton. Great craft beers and tex-mex style food."" Shows can be held Wednesday-Monday nights.",Requires Premium,https://www.facebook.com/doorsmetalbar,https://www.instagram.com/doorspubhamilton,Castle; Killotine; Gomer; Bloody Blue Darlings; J FU; Teenage Bubblegums; Summer's Brother; Thunder Glove,https://www.indieonthemove.com/venues/doors-taco-joint-metal-bar-hamilton-ontario,bar,43.2572821,-79.878356,1023.5,1023.5,False,87.72857142857143,75.0,known,known
The Baby G,Toronto,ON,M6K 1T8,"1608 Dundas Street West, Toronto, ON M6K 1T8",,http://thebabyg.com/,"Music Venue, Rental",All Genres,145.0,19+,,"""The Baby G is a live music venue."" Shows can be held any night of the week.",Requires Premium,https://www.facebook.com/TheBabyGToronto/,https://www.instagram.com/thebabygtoronto/,Bleary Eyed; Zzzahara; CHRIST DILLINGER; BnS; Dana Sipos; MIINA; bug crush; Ritt Momney; B.A. Johnston; Sons of Butcher,https://www.indieonthemove.com/venues/the-baby-g-toronto-ontario,venue,43.649973,-79.4353351,1311.8,1311.8,False,78.708,145.0,known,known
The Ballroom,Toronto,ON,M5V 2E4,"145 John Street, Toronto, ON M5V 2E4",,https://www.theballroom.ca/,"Music Venue, Bar",All Genres,200.0,19+,,"""Sports, Bowl, and Rock n' Roll! DJ every Thursday and Friday. Live Music on Saturdays.""",Requires Premium,https://www.facebook.com/TheBallroomBowl/,https://www.instagram.com/theballroombowl/,,https://www.indieonthemove.com/venues/the-ballroom-toronto-ontario,bar,,,,,False,,200.0,known,known
LOLA,Toronto,ON,M5T 2J9,"40 Kensington Avenue, Toronto, ON M5T 2J9",,,"Music Venue, Outdoor Performance Space, Open Mic",All Genres,50.0,19+,,They host shows on weekends both during the day and at night as well as open mic on Monday nights. Performances can take place inside or outside.,Requires Premium,https://www.facebook.com/groups/2601683113313156,,Ron Leary,https://www.indieonthemove.com/venues/lola-toronto-ontario,venue,43.653804,-79.4005072,1811.0,1811.0,False,108.66,50.0,known,known
Grossman's Tavern,Toronto,ON,M5T 2G3,"377 Spadina Avenue, Toronto, ON M5T 2G3",,https://grossmanstavern.com/,"Music Venue, Bar, Restaurant, Jazz & Blues","Blues, Jazz, Roots Music",,19+,,"""Open since 1943, Grossman’s Tavern is one of the city’s longest-running live music venues, and Toronto’s self-described “Home of the Blues.”"" They host live music Wednesday-Sunday nights with Sundays being reserved for a regular performer and Jazz jam.",Requires Premium,https://www.facebook.com/GrossmansTavern/,https://www.instagram.com/grossmanstavern/,Johnny Burgin,https://www.indieonthemove.com/venues/grossmans-tavern-toronto-ontario,bar,43.6559744,-79.3989716,3003.0,3003.0,False,257.4,260.0,model,high
Wildflower Social,Niagara Falls,ON,L2G 3V9,"6361 Fallsview Boulevard, Niagara Falls, ON L2G 3V9",,https://wildflowerniagara.com/,"Music Venue, Lounge, Hotel","Acoustic, Classic Rock, Country, Funk, Pop, Rock, Top 40",,21+,,Formerly Spyce Lounge. They host live music nightly.,Requires Premium,https://www.facebook.com/wildflowersocialniagara,https://www.instagram.com/wildflowersocialniagara/,,https://www.indieonthemove.com/venues/wildflower-social-niagara-falls-ontario,bar,43.0826629,-79.0831877,63314.3,15828.6,True,1356.7371428571428,485.0,model,medium
TD Music Hall,Toronto,ON,M5B 1T7,"178 Victoria Street, Toronto, ON M5B 1T7",,https://tdmusichall.com/,Music Venue,All Genres,500.0,,,"""TD Music Hall is a state-of-the-art 500-capacity performance space located on the 4th floor of Allied Music Centre."" Shows can be held any night of the week.",Requires Premium,https://www.facebook.com/TDMusicHall/,https://www.instagram.com/tdmusichall,Haley Heynderickx; Max García Conover; Jenn Grant; Zinadelphia; Good Grief; Ariel Posen; Wendlo; Mallory Johnson; Flore Laurentienne; Rose Gray,https://www.indieonthemove.com/venues/td-music-hall-toronto-ontario,venue,,,,,False,,500.0,known,known
The Music Hall,Hamilton,ON,L8P 1H2,"24 Main Street West, Hamilton, ON L8P 1H2",,https://musichallhamilton.ca/,"Music Venue, Rental",All Genres,250.0,,,"""A socially-engaged venue for culture and community in the heart of Hamilton."" Shows can be held any night of the week.",Requires Premium,https://www.facebook.com/musichallhamont,https://www.instagram.com/musichallhamont/,Here Come the Mummies,https://www.indieonthemove.com/venues/the-music-hall-hamilton-ontario,venue,43.2558843,-79.8705252,9629.8,9629.8,False,577.7879999999999,250.0,known,known
Overflow Brewing Company,Ottawa,ON,K1V 8B9,"2477 Kaladar Avenue, Ottawa, ON K1V 8B9",,https://overflowbeer.com/,"Music Venue, Brewery",All Genres,400.0,19+,,"""Brewery | Tap Room | Live Music venue in Ottawa. Putting fresh, great-tasting beer in your hand."" Most shows take place Thursday-Saturday nights.",Requires Premium,https://www.facebook.com/overflowbeer,https://instagram.com/overflowbrewingco,Cancer Bats; ANCIIENTS; TEETH; chastity; Kingfisher; A Wilhelm Scream; MAJORS; Strung Out; Alpha Wolf; Gideon,https://www.indieonthemove.com/venues/overflow-brewing-company-ottawa-ontario,venue,45.3761318,-75.6695882,76586.7,19146.7,True,1148.8020000000001,400.0,known,known
The Burlington Performing Arts Centre,Burlington,ON,L7S 1T7,"440 Locust Street, Burlington, ON L7S 1T7",,https://burlingtonpac.ca/,"Music Venue, Rental",All Genres,718.0,,,"""The Burlington Performing Arts Centre (BPAC), located in beautiful downtown Burlington, is a cultural hub of the community and offers the best in the performing arts to the citizens of Burlington."" Shows can be held any night of the week.",Requires Premium,https://www.facebook.com/BurlingtonPAC/,https://www.instagram.com/burlington_pac/,Musician Jesse Cook; The North Sound,https://www.indieonthemove.com/venues/the-burlington-performing-arts-centre-burlington-ontario,venue,43.3242568,-79.7986535,32924.1,8231.0,True,987.7199999999999,718.0,known,known
Neat Coffee Shop,Burnstown,ON,K0J 1G0,"1715 Calabogie Road, Burnstown, ON K0J 1G0",,https://neatmusicandcoffee.ca/,"Music Venue, Restaurant, Cafe",All Genres,,,,"""Equal parts music, food, coffee, gardens and community."" Most shows take place Thursday-Sunday nights, but Tuesdays and Wednesdays are also possible.",Requires Premium,https://www.facebook.com/NeatCoffeeShop/,https://www.instagram.com/neatcafe/,The Deep Dark Woods; MIINA; Dana Sipos; Aysanabee; Aysanabee; The Pursuit of Happiness; The Pursuit of Happiness; Brother Elsey; Good Lovelies; Good Lovelies,https://www.indieonthemove.com/venues/neat-coffee-shop-burnstown-ontario,restaurant,45.3877954,-76.5785813,2553.0,2553.0,False,102.11999999999999,175.0,model,high
Ground Control,Toronto,ON,M6K 1L6,"1279 Queen Street West, Toronto, ON M6K 1L6",,,"Music Venue, Night Club, Bar","All Genres, Dance, Electronic, Gothic, Indie, Industrial, New Wave, Pop, Post Punk",330.0,19+,,"""A new music venue & cocktail lounge experience inspired by David Bowie."" Most shows take place Sunday-Thursday nights, but Fridays and Saturdays are possible as long as the show is over by 10 PM.",Requires Premium,https://www.facebook.com/GroundControlToronto/,https://www.instagram.com/groundcontroltoronto,DJ LAZARUS,https://www.indieonthemove.com/venues/ground-control-toronto-ontario,club,43.6414522,-79.431875,1183.2,1183.2,False,101.41714285714285,330.0,known,known
Dominion Tavern,Ottawa,ON,K1N 5S7,"33 York Street, Ottawa, ON K1N 5S7",,,"Music Venue, Bar","All Genres, Alternative, Garage, Indie, Metal, Punk, Rock",150.0,19+,,"""Brews • pool tables • punk, metal & alt-rock."" While most shows take place on Friday and Saturday nights, they can be held any night of the week.",Requires Premium,https://www.facebook.com/DominionTavern,https://www.instagram.com/dominiontavern/,Omnivide; Chemicide; Lycanthro; Castle; Black Galaxy; Black Absinthe; Killotine; The Riptides; Huntingtons; Burn The Evidence,https://www.indieonthemove.com/venues/dominion-tavern-ottawa-ontario,bar,45.4279894,-75.693853,199.9,199.9,False,17.134285714285713,150.0,known,known
House of TARG,Ottawa,ON,K1S 3W9,"1077 Bank Street, Ottawa, ON K1S 3W9",,http://www.houseoftarg.com/,"Music Venue, Arcade","All Genres, Alternative, Indie, Metal, Progressive, Punk, Rock",180.0,19+,,"""Ottawa's only true classic arcade. 30+ pinball & classic Arcade games, a tantalizing perogi menu Plus the best live Indie, Punk, Metal, Synth & Rock bands we find. All Ages welcome before the show."" Most shows take place Wednesday-Saturday nights.",Requires Premium,https://www.facebook.com/houseoftarghouseoftarg/,https://www.instagram.com/houseoftarg/,Slo' Tom and The Handsome Devils; The Meteors; MOONBEAN Music; Thee Male Nurse; Madeline Goldstein; Class of 91; Leæther Strip; Antigen Shift; DeeCRACKS; The Riptides,https://www.indieonthemove.com/venues/house-of-targ-ottawa-ontario,venue,45.3945433,-75.683411,4750.2,4750.2,False,285.012,180.0,known,known
Orillia Opera House,Orillia,ON,L3V 3A6,"20 Mississaga Street West, Orillia, ON L3V 3A6",,https://www.orilliaoperahouse.ca/,"Music Venue, Rental",All Genres,677.0,,,"""The largest professional performing arts venue north of Toronto, the Orillia Opera House is home to some of the finest acoustics around - from live theatre to roaring concerts."" Shows can be held any night of the week.",Requires Premium,https://www.facebook.com/OrilliaOperaHouse/,https://www.instagram.com/orilliaoperahouse/,Tom Green; Jacob Moon; Marc Jordan; Garnetta Cromwell & Dagroovmasters,https://www.indieonthemove.com/venues/orillia-opera-house-orillia-ontario,theatre,44.608339,-79.4203447,12527.5,12527.5,False,1073.7857142857142,677.0,known,known
Showplace Performance Centre,,ON,K9J 3H2,"290 George Street North, Ontario K9J 3H2",,https://www.showplace.org/,"Music Venue, Rental",All Genres,647.0,,,"""Peterborough's regional centre for the performing arts since 1996, with a mission to present, promote, and sustain the performing arts."" Shows can be held any night of the week.",Requires Premium,https://www.facebook.com/PtboShowplace/,https://www.instagram.com/ptboshowplace/,Musician Jesse Cook; James Otto; Elyse Saunders; Tara Shannon,https://www.indieonthemove.com/venues/showplace-performance-centre-peterborough-ontario,venue,,,,,False,,647.0,known,known
Trout Forest Music Festival,Ear Falls,ON,P0V 1T0,"Waterfront Park, Ear Falls, ON P0V 1T0",,https://www.troutfest.com/,Music Festival,All Genres,,,,"""Always on the second full weekend of August.""",Requires Premium,https://www.facebook.com/groups/297473196995649/,https://www.instagram.com/troutforestmusicfestival/,,https://www.indieonthemove.com/venues/trout-forest-music-festival-ear-falls-ontario,festival,,,,,False,,225.0,type_median_fallback,low
Wilno Tavern Restaurant,Wilno,ON,K0J 2N0,"17589 ON-60, Wilno, ON K0J 2N0",,https://wilnotavern.com/,"Music Venue, Restaurant","Acoustic, Americana, Blues, Classic Rock, Country, Folk, Jazz, Rock, Singer-Songwriter",,,,"""Nestled in the gentle hills of the Madawaska Valley, the Wilno Tavern Restaurant has been offering exceptional hospitality for over 100 years."" They host live music on Wednesday, Friday and Saturday nights with Wednesdays being reserved for regular Blues acts and every 1st and 3rd Friday for a Country jam.",Requires Premium,https://www.facebook.com/WilnoTavernRestaurant/,https://www.instagram.com/wilnotavernrestaurant/,,https://www.indieonthemove.com/venues/wilno-tavern-restaurant-wilno-ontario,bar,,,,,False,,130.0,type_median_fallback,low
The Hub,Kitchener,ON,N2G 1A7,"125 King Street West, Kitchener, ON N2G 1A7",,https://www.thehubkw.com/,Music Venue,All Genres,400.0,19+,,"""Formerly known as Wax Nightclub."" Shows can be held any night of the week. This is an event-based venue, so they are only open if there is a show.",Requires Premium,https://www.facebook.com/thehubkitchener,https://www.instagram.com/thehub_kw/,Gabriel Rutledge,https://www.indieonthemove.com/venues/the-hub-kitchener-ontario,club,43.4503553,-80.4916084,6616.8,6616.8,False,1134.3085714285714,400.0,known,known
Junction Underground,Toronto,ON,M6P 1Z1,"2907 Dundas Street West, Toronto, ON M6P 1Z1",,https://junctionunderground.ca/,Music Venue,All Genres,150.0,19+,,"""The Junction Underground is Toronto’s newest west end venue. Built with locals in mind it is open for all to enjoy. Alex SenGupta (The Lakeview, Ding A Wing, High Park Cannabis Co.) and Drago Nagoda (High Park Cannabis Co.), who grew up in the area, hope to bring back some fun times in the former Junction City Music Hall."" Shows can take place Thursday-Sunday nights.",Requires Premium,https://www.facebook.com/JunctionUndergroundToronto/,https://www.instagram.com/junctionundergroundtoronto/,ALEX EXISTS; Skaface; Rat Grenade; Streets To Ourselves,https://www.indieonthemove.com/venues/junction-underground-toronto-ontario,venue,43.6653059,-79.4662408,2956.4,2956.4,False,177.384,150.0,known,known
Tapestry,Toronto,ON,M5T 2L6,"224 Augusta Avenue, Toronto, ON M5T 2L6",,,"Music Venue, Bar",All Genres,,19+,,"They host live music and/or DJs up to 6 nights a week, Tuesday-Sunday. They also have a monthly jam session called ""Tapestry Jam,"" in which they bring together 4 musician that remain anonymous to each other until the show.",Requires Premium,,https://www.instagram.com/tapestry_to,Dinosaur Politics; redhed,https://www.indieonthemove.com/venues/tapestry-toronto-ontario,bar,43.6548887,-79.4022755,1355.9,1355.9,False,116.22000000000001,105.0,model,high
Maxwell's Concerts and Events,Waterloo,ON,N2J 2V9,"35 University Avenue East, Waterloo, ON N2J 2V9",,https://maxwellswaterloo.com/,"Music Venue, Rental",All Genres,700.0,,,"""Maxwell’s Concerts & Events is the most versatile event space in Waterloo Region. It’s located at 35 University Avenue East, seconds away from both Wilfrid Laurier University and University of Waterloo."" Shows can be held any night of the week. Age requirement can vary.",Requires Premium,https://www.facebook.com/maxwellswaterloo,https://www.instagram.com/maxwellswaterloo/,Michael Mathers - Eminem Tribute; Cam Kahin; Softcase; Born In The Eighties; Royal Tusk; John Shambles; Brother Elsey; Napalm Death; LANSDOWNE; Avalon Stone,https://www.indieonthemove.com/venues/maxwells-concerts-and-events-waterloo-ontario,venue,43.4764377,-80.5219439,46671.3,11667.8,True,700.068,700.0,known,known
Glenn Gould Studio,Toronto,ON,M5V 3G5,"250 Front Street West, Toronto, ON M5V 3G5",,https://www.cbc.ca/glenngouldstudio/,"Music Venue, Rental","Classical, Jazz, Pop, Rock, World",337.0,,,"""We are a premier event rental, located in the heart of downtown Toronto at 250 Front Street West."" Shows can be held any night of the week.",Requires Premium,,https://www.instagram.com/glenngouldcbc/,Alexis Baro,https://www.indieonthemove.com/venues/glenn-gould-studio-toronto-ontario,venue,43.6443881,-79.3875932,148439.4,37109.8,True,4453.176,337.0,known,known
The Mod Club,Toronto,ON,M6G 1C4,"722 College Street, Toronto, ON M6G 1C4",,https://www.themodclub.com/,Music Venue,All Genres,610.0,,,"Formerly The Axis Club Theatre. ""The Mod Club is located at the northwest corner of College and Crawford Streets in Toronto’s bustling Little Italy."" Shows can be held any night of the week. Age requirement can vary.",Requires Premium,,https://www.instagram.com/themodclub/,Broadway Rave; Pile; mclusky; yung kai; yung kai; The Veldt; The Chameleons; Concrete Boys; Concrete Boys; Lexa Gates,https://www.indieonthemove.com/venues/the-mod-club-toronto-ontario,club,,,,,False,,610.0,known,known
The 27 Club,Ottawa,ON,K1N 5S7,"27 York Street, Ottawa, ON K1N 5S7",,,"Music Venue, Night Club",All Genres,,19+,,"""Live music acts, dance floor, themed nights - your downtown Ottawa nightclub."" They host events Monday - Saturday nights.",Requires Premium,https://www.facebook.com/the27clubottawa/,https://www.instagram.com/27club_ottawa/,Felix Cartal; Witchz; Magugu; Amos the Transparent; The Casualties; The Drowns; The OBGMs; The Effens; Lowertown; Bleeker,https://www.indieonthemove.com/venues/the-27-club-ottawa-ontario,club,45.428055,-75.6940862,4476.3,4476.3,False,383.6828571428572,195.0,model,high
Crazy Horse Stonegrill Steakhouse & Saloon,Ottawa,ON,K2T 1G7,"115 Roland Michener Drive, Ottawa, ON K2T 1G7",,https://www.thecrazyhorse.ca/,"Bar, Restaurant, Music Venue","All Genres, Alternative, Classic Rock, Country, Rock",,19+,,"""Ottawa's only Stonegrill Steakhouse -- experience 'lava rock' dining while enjoying the best talent from Nashville, Halifax, Toronto & Ottawa!!"" They host live music every Friday and Saturday night.",Requires Premium,https://www.facebook.com/CrazyHorseStonegrill/,https://www.instagram.com/barcrazyhorse/,,https://www.indieonthemove.com/venues/crazy-horse-stonegrill-steakhouse-saloon-ottawa-ontario,bar,45.3082965,-75.9135908,8179.5,2044.9,True,350.55428571428575,125.0,model,medium
Barnstorm,Finch,ON,K0C 1K0,"15328 Concession 3-4 Road, Finch, ON K0C 1K0",,https://barnstorm.info/,Music Festival,All Genres,,,,"**On hold in 2026.""Once a year, usually the first Saturday before Labour Day Weekend, our 150-year-old barn, the “Odditorium”, located at “The Sanctuary” in Finch, Ontario, comes to life with friends, locals, and music lovers at Barnstorm.""",Requires Premium,https://www.facebook.com/profile.php?id=100044267302581,,,https://www.indieonthemove.com/venues/barnstorm-finch-ontario,bar,45.1633495,-75.0706562,1464.8,1464.8,False,125.55428571428571,105.0,model,high
The Barn,Alexandria,ON,K0C 1A0,"20990 Glen Robertson Road, Alexandria, ON K0C 1A0",,,Music Venue,"Blues, Chamber, Classic Rock, Country, Dance, Pop, Reggae, Rock",,,,"""The Barn, originally constructed in 1908, is an awesome Live Music Venue located in Glengarry County."" They host Blues music on Tuesday nights and other concerts typically during the weekend.",Requires Premium,https://www.facebook.com/profile.php?id=100064917728137,,,https://www.indieonthemove.com/venues/the-barn-alexandria-ontario,bar,,,,,False,,130.0,type_median_fallback,low
Lavigne Tavern,Lavigne,ON,P0H 1R0,"10521 Ontario 64, Lavigne, ON P0H 1R0",,https://lavignetavern.com/,"Music Venue, Pub, Open Mic","All Genres, Acoustic, Blues, Classic Rock, Country, Funk, Metal, R&B, Rock, Singer-Songwriter, Soft Rock, Soul, Top 40",80.0,19+,,"""Home of the best Wings in West Nipissing, and the finest Pizza North of Toronto. The Lavigne Tavern also presents the very best in live entertainment. With artists coming from all over North America to perform at this Oasis in the North."" They host live music Thursday-Saturday nights and on Sunday afternoons with Thursdays being reserved for open mic.",Requires Premium,https://www.facebook.com/LavigneTavern/,https://www.instagram.com/lavigne_tavern/,,https://www.indieonthemove.com/venues/lavigne-tavern-lavigne-ontario,bar,,,,,False,,80.0,known,known
Knox Hall,Greater Sudbury,ON,P3E 1B8,"73 Larch Street, Greater Sudbury, ON P3E 1B8",,https://www.knox.vip/,"Rental, Music Venue",All Genres,324.0,,,"""This beautiful venue is located in Downtown Sudbury housed in a Historical Building constructed as a Church in 1927. With a seating capacity of 324 including VIP Balcony Seats, your experience will be like no other in Northern Ontario. The venue also includes an 80 Seat Lower Lounge with optional 125 standing room."" Shows can be held any night of the week.",Requires Premium,https://www.facebook.com/profile.php?id=100094239601038,https://www.instagram.com/knoxhallvip/,Kim Churchill; Mia Kelly; Jenn Grant; Aysanabee; Royal Wood; Fortunate Ones; Crystal Shawanda; At Dawn; Bobby Bazini; Mo Kenney,https://www.indieonthemove.com/venues/knox-hall-greater-sudbury-ontario,bar,46.4910462,-80.993866,5598.7,5598.7,False,479.8885714285714,324.0,known,known
Jazz Sudbury,Greater Sudbury,ON,P3E 1C1,"96 Larch Street, Greater Sudbury, ON P3E 1C1",,https://www.jazzsudbury.com/,Music Festival,Jazz,,,,"""Since its inception in 2009, Jazz Sudbury Festival has become the premier musical event in the North. Jazz Sudbury showcases talented, award-winning artists and exposes the community to the diverse and captivating genre that is jazz."" The festival takes place in early September.",Requires Premium,https://www.facebook.com/JazzSudbury/,https://www.instagram.com/jazzsudburyofficial,,https://www.indieonthemove.com/venues/jazz-sudbury-greater-sudbury-ontario,festival,46.4915716,-80.9932649,6109.8,6109.8,False,733.176,530.0,model,high
The Grand,Greater Sudbury,ON,P3C 5B4,"28 Elgin Street, Greater Sudbury, ON P3C 5B4",,,Music Venue,All Genres,1000.0,19+,,"""Built in 1909, the over 100 year old dual auditorium theatre, has been transformed into the home of Sudbury's nightlife."" Shows can be held any night of the week.",Requires Premium,https://www.facebook.com/Grandnightclub/,https://www.instagram.com/thegrandsudbury/,Strung Out; Tom Green; Alestorm; Twilight Force; greyhawk,https://www.indieonthemove.com/venues/the-grand-greater-sudbury-ontario,theatre,46.4937121,-80.9960091,16090.9,16090.9,False,2758.4399999999996,1000.0,known,known
The National,Greater Sudbury,ON,P3C 2X1,"477 Notre Dame Avenue, Greater Sudbury, ON P3C 2X1",,https://nationaltavern.ca/,"Bar, Music Venue","Country, Honky Tonk",,19+,,"""A blast from the past, returning to its roots as the country bar we all know and love."" They host live music on the weekends [Saturdays and Sundays].",Requires Premium,https://www.facebook.com/profile.php?id=61555155915765,,,https://www.indieonthemove.com/venues/the-national-greater-sudbury-ontario,bar,46.5038297,-80.9872223,4400.3,4400.3,False,754.3371428571428,285.0,model,high
Lounge 390,Greater Sudbury,ON,P3B 1B1,"390 Elgin Street, Greater Sudbury, ON P3B 1B1",,,"Bar, Music Venue, Lounge","All Genres, Acoustic, Alternative, Classic Rock, Country, Indie, Rock, Singer-Songwriter",,19+,,"""The best bar and live music venue in the heart of Sudbury, Ontario."" They host live music Wednesday-Saturday nights.",Requires Premium,,https://www.instagram.com/lounge_390/,Phantom Radio Chatter; Ace of Wands; Fortunate Losers; Sam Singer; Iron Kingdom; Skrizzly Adams,https://www.indieonthemove.com/venues/lounge-390-greater-sudbury-ontario,bar,46.4865521,-80.9887234,15913.1,3978.3,True,681.9942857142858,300.0,model,medium
M.I.C. Canadian Eatery & Whisky Pub,Greater Sudbury,ON,P3A 5K4,"200 Falconbridge Road, Greater Sudbury, ON P3A 5K4",,https://micrestaurant.ca/,"Bar, Restaurant, Music Venue, Outdoor Performance Space, Seasonal","Acoustic, Singer-Songwriter",,,,"""Casual place decorated with photos of Canadian icons, offering a long whisky list & comfort food."" Shows take place outside on their patio every Wednesday, June - August.",Requires Premium,https://www.facebook.com/micsudbury/,https://www.instagram.com/m.i.c.canadianeatery/,,https://www.indieonthemove.com/venues/mic-canadian-eatery-whisky-pub-greater-sudbury-ontario,bar,46.5288792,-80.9127121,593.4,593.4,False,50.86285714285714,115.0,model,high
Overtime Sports Bar and Grill,Greater Sudbury,ON,P3A 2T7,"941 Notre Dame Avenue, Greater Sudbury, ON P3A 2T7",,https://www.sudburysportsbar.com/,"Bar, Restaurant, Music Venue","Acoustic, Singer-Songwriter",,,,"""Sudbury's BEST eating & drinking experience! Great atmosphere, great service & homemade food."" They host live music on Friday nights only. The venue becomes 19+ later in the evening.",Requires Premium,https://www.facebook.com/overtimesportsbarsudbury/,,,https://www.indieonthemove.com/venues/overtime-sports-bar-and-grill-greater-sudbury-ontario,bar,46.5178452,-80.9848654,4317.8,4317.8,False,370.09714285714284,165.0,model,high
About Live Music,Burk's Falls,ON,P0A 1C0,"60 Ontario Street Unit 1, Burk's Falls, ON P0A 1C0",,https://www.aboutlivemusic.com/,Music Venue,"All Genres, Acoustic",,,,"""About Live Music is an intimate music venue that provides a unique and personal experience for music lovers. The venue is designed to bring the audience in close, with a cozy and inviting atmosphere that encourages connection and engagement."" Shows are held at least once a month, Friday - Sunday.",Requires Premium,https://www.facebook.com/profile.php?id=100082537280964,https://www.instagram.com/aboutlivemusic/,,https://www.indieonthemove.com/venues/about-live-music-burks-falls-ontario,venue,,,,,False,,310.0,type_median_fallback,low
Nickel City,Greater Sudbury,ON,P3C 1J2,"252 Hazel Street, Greater Sudbury, ON P3C 1J2",,,"Bar, Music Venue","Classic Rock, Country, Dance, Pop, Rock, Top 40",,19+,,"""Your favourite local sports bar, where you're only a stranger once. Come on down to enjoy pool, live music, and laughs all around."" They host shows on Friday and Saturday nights.",Requires Premium,https://www.facebook.com/nickelcityinn/,,,https://www.indieonthemove.com/venues/nickel-city-greater-sudbury-ontario,bar,46.48767,-81.0049561,5296.9,5296.9,False,908.04,405.0,model,high
YES Theatre,Greater Sudbury,ON,P3E 3E7,"170 Shaughnessy Street, Greater Sudbury, ON P3E 3E7",,https://yestheatre.com/,"Music Venue, Rental",All Genres,289.0,,,"""YES Theatre produces live theatrical events. Of which includes concerts, musicals, plays and more."" Shows can be held any night of the week in either of their two venues: Sudbury Theater Centre and The Refettorio. Age requirements are event dependent.",Requires Premium,https://www.facebook.com/YESTheatre/,https://www.instagram.com/yestheatresudbury/,,https://www.indieonthemove.com/venues/yes-theatre-greater-sudbury-ontario,theatre,46.48903,-80.9900051,18669.8,18669.8,False,1600.2685714285712,289.0,known,known
The Night Owl,Greater Sudbury,ON,P3E 3N5,"158 Elgin Street, Greater Sudbury, ON P3E 3N5",,https://www.nightowl.vip/,"Speakeasy, Music Venue, Jazz & Blues",Jazz,,19+,,"""The Downtown Sudbury Hideaway with a Certain Cachet."" They host live Jazz music every Thursday night.",Requires Premium,https://www.facebook.com/thenightowl.vip,https://www.instagram.com/nightowl.vip,,https://www.indieonthemove.com/venues/the-night-owl-greater-sudbury-ontario,venue,46.4883137,-80.993277,8760.3,8760.3,False,1051.2359999999999,610.0,model,high
NV Music Hall,Thunder Bay,ON,P7B 1A6,"228 Red River Road, Thunder Bay, ON P7B 1A6",,https://www.nvmusichall.com/,"Music Venue, Bar",All Genres,,18+,,"""NV Music Hall is downtown Thunder Bay's premium entertainment spot."" Shows can be held any night of the week.",Requires Premium,https://www.facebook.com/NVMusicHall,,,https://www.indieonthemove.com/venues/nv-music-hall-thunder-bay-ontario,bar,48.4353949,-89.220767,7450.9,7450.9,False,638.6485714285715,415.0,model,high
Live From the Rock Folk Festival,Red Rock,ON,P0T 2P0,"42 Salls Street, Red Rock, ON P0T 2P0",,https://livefromtherockfolkfestival.com/,Music Festival,"All Genres, Folk",,,,"""The Live from the Rock Folk Festival is held every August in Red Rock, Ontario.""",Requires Premium,https://www.facebook.com/livefromtherockfolkfestival/,https://www.instagram.com/lftrfolkfest/,,https://www.indieonthemove.com/venues/live-from-the-rock-folk-festival-red-rock-ontario,festival,48.9402165,-88.2606999,7321.3,7321.3,False,439.27799999999996,110.0,model,high
The Outpost,Thunder Bay,ON,P7B 5E1,"955 Oliver Road, Thunder Bay, ON P7B 5E1",,https://lusu.ca/services-and-support/the-outpost/,"Night Club, Music Venue, Pub",All Genres,715.0,,,"""We are your friendly campus pub. Offering great food, amazing music, and a fantastic atmosphere to unwind after a long day of classes. With over 10,000 square feet of space, it’s one of the largest campus bars in Canada."" Shows can held any night of the week.",Requires Premium,https://www.facebook.com/TheOutpostCampusPub/,https://www.instagram.com/outpostpub/,,https://www.indieonthemove.com/venues/the-outpost-thunder-bay-ontario,club,48.4176418,-89.2609948,51040.2,12760.1,True,1093.722857142857,715.0,known,known
UpFront Café,Belleville,ON,K8N 2Z9,"313 Front Street, Belleville, ON K8N 2Z9",,https://upfrontcafe.ca/,"Music Venue, Cafe",All Genres,,,,"""A licensed Cafe and Event space with live music weekly (mostly open jam on Thursdays, shows on Fridays and Saturdays, and Blues jam on Sundays).""",Requires Premium,https://www.facebook.com/UpFrontGallery,,,https://www.indieonthemove.com/venues/upfront-cafe-belleville-ontario,restaurant,44.1669549,-77.3854343,1829.0,1829.0,False,73.16,145.0,model,high
Mort's Pub,Ottawa,ON,K2H5Y7,"2011 Robertson Road, Ottawa, ON K2H5Y7",,https://www.mortspub.com/,"Music Venue, Pub","Acoustic, Classic Rock, Dance, Pop, Rock, Top 40",,,,This pub hosts an open jam on Thursday nights and shows on Saturday nights.,Requires Premium,https://www.facebook.com/profile.php?id=100054537816632,https://www.instagram.com/morts.pub,,https://www.indieonthemove.com/venues/morts-pub-ottawa-ontario,bar,45.3248275,-75.827418,1139.6,1139.6,False,97.67999999999998,160.0,model,high
