Venue_Name,Venue_City,Venue_Genres,Scraped_Artist,Spotify_Match,Spotify_Name,Spotify_URL,Name_Similarity,Lastfm_Match,Lastfm_Listeners,Lastfm_Playcount,Lastfm_Tags,Genre_Overlap_Count,Matched_Genres,Validation
Supermarket,Toronto,All Genres,Paitra,Found,Paitra,https://open.spotify.com/artist/6CamSFj9PoUDFG5y0i86eF,1.0,Found,354,1721,N/A,0,none,venue genres unspecified
Supermarket,Toronto,All Genres,Mean Gloss,Found,Mean Gloss,https://open.spotify.com/artist/0cggo353hQi1cZVIXvXkZd,1.0,Found,383,1050,N/A,0,none,venue genres unspecified
Supermarket,Toronto,All Genres,The Neverminds,Found,the neverminds,https://open.spotify.com/artist/4q7OM8u3X98MUGAH6IePgF,1.0,Found,55361,937598,"shoegaze, alternative rock, dream pop, canada, Canadian",0,none,venue genres unspecified
Supermarket,Toronto,All Genres,Capitol,No match,N/A,N/A,N/A,Found,5866,43977,"shoegaze, post-punk, rock, pop, canada",0,none,venue genres unspecified
Supermarket,Toronto,All Genres,Elemantra,Found,Elemantra,https://open.spotify.com/artist/30cstQS8jxG42BPQ3beYin,1.0,Found,960,7696,"emo, shoegaze, post-rock, alternative rock, dream pop",0,none,venue genres unspecified
Supermarket,Toronto,All Genres,A Weekend at Ramona's,Found,A Weekend at Ramona's,https://open.spotify.com/artist/7AUnPYUzR8ii3DqtvKgpfE,1.0,Found,763,4852,indie rock,0,none,venue genres unspecified
Supermarket,Toronto,All Genres,Kali Masi,Found,Kali Masi,https://open.spotify.com/artist/0SZcqeYkkVOubIZVZKcsct,1.0,Found,14274,156247,"emo, alternative rock, american, punk rock, pop punk",0,none,venue genres unspecified
Horseshoe Tavern,Toronto,All Genres,One in the Chamber,No match,N/A,N/A,N/A,Found,210,1925,N/A,0,none,venue genres unspecified
Horseshoe Tavern,Toronto,All Genres,Sparrow Blue.,Found,Sparrow Blue,https://open.spotify.com/artist/7LuEY6P8FE0vuKsaiSOSSb,0.96,No match,N/A,N/A,N/A,N/A,none,venue genres unspecified
Horseshoe Tavern,Toronto,All Genres,Akeem Oh,Found,Akeem Oh,https://open.spotify.com/artist/1kSZoM3GXPCmveK9EqLMUw,1.0,Found,126,424,N/A,0,none,venue genres unspecified
Horseshoe Tavern,Toronto,All Genres,The Brook & The Bluff,Found,The Brook & The Bluff,https://open.spotify.com/artist/4dWtsQvuME6tCWFycaTvO7,1.0,Found,174872,2913614,"indie, indie pop, dream pop",0,none,venue genres unspecified
Horseshoe Tavern,Toronto,All Genres,Ethan Tasch,Found,Ethan Tasch,https://open.spotify.com/artist/5QeOEXfGjdzdEsUOHODPCw,1.0,Found,153636,1346229,"folk, indie, alternative, singer-songwriter, indie rock",0,none,venue genres unspecified
Horseshoe Tavern,Toronto,All Genres,HAPPY LANDING,Found,HAPPY LANDING,https://open.spotify.com/artist/2Jsv2nBcTfKpM9dbZcBbk6,1.0,Found,35073,241934,"United States, folk",0,none,venue genres unspecified
Horseshoe Tavern,Toronto,All Genres,Nathan Bess,Found,Nathan Bess,https://open.spotify.com/artist/37Wn47Dtia6SWjmMSCNA0H,1.0,Found,7649,53183,N/A,0,none,venue genres unspecified
Horseshoe Tavern,Toronto,All Genres,Kashus Culpepper,Found,Kashus Culpepper,https://open.spotify.com/artist/2MPe4h9blynt1CfCkMku6j,1.0,Found,37090,313790,"folk, country, americana, singer-songwriter, Alabama",0,none,venue genres unspecified
Horseshoe Tavern,Toronto,All Genres,Robyn Hitchcock,Found,Robyn Hitchcock,https://open.spotify.com/artist/0O0g9JMOVNoIgLG6dgaYMY,1.0,Found,134983,2285969,"singer-songwriter, alternative, folk, indie, folk-rock",0,none,venue genres unspecified
Horseshoe Tavern,Toronto,All Genres,Emma Swift,Found,Emma Swift,https://open.spotify.com/artist/3H6AuhYMI6U7kxuC7pfG3R,1.0,Found,9734,171770,"folk, americana, australia, singer-songwriter, rapida y mortal",0,none,venue genres unspecified
Aeolian Hall,London,All Genres,Aysanabee,Found,Aysanabee,https://open.spotify.com/artist/1jbEBKJhX4rRmHD6xW6ve5,1.0,Found,7932,54619,"Canadian, soul, pop, indie, indigenous",0,none,venue genres unspecified
Aeolian Hall,London,All Genres,Whitehorse,Found,Whitehorse,https://open.spotify.com/artist/3PSH5PsWfZQiD2wieKU0ss,1.0,Found,65123,560699,"Sludge, doom metal, drone, folk, drone doom",0,none,venue genres unspecified
Bronson Centre Music Theatre,Ottawa,All Genres,Mae Martin,Found,Mae Martin,https://open.spotify.com/artist/4etFFWEsaFOkYCmPKHgVxn,1.0,Found,14086,95975,"singer-songwriter, indie, queer, Canadian",0,none,venue genres unspecified
Bronson Centre Music Theatre,Ottawa,All Genres,Rob Anderson,Found,Robyn Adele Anderson,https://open.spotify.com/artist/19RHMn8FFkEFmhPwyDW2ZC,0.75,Found,2186,6373,N/A,0,none,venue genres unspecified
Bronson Centre Music Theatre,Ottawa,All Genres,Rob Anderson,Found,Robyn Adele Anderson,https://open.spotify.com/artist/19RHMn8FFkEFmhPwyDW2ZC,0.75,Found,2186,6373,N/A,0,none,venue genres unspecified
Bronson Centre Music Theatre,Ottawa,All Genres,Arm's Length,No match,N/A,N/A,N/A,Found,105261,7561720,"emo, post-hardcore, Canadian, screamo, pop punk",0,none,venue genres unspecified
Bronson Centre Music Theatre,Ottawa,All Genres,Super Sometimes,Found,Super Sometimes,https://open.spotify.com/artist/4zB8iT4joBTjD6VES4cLbF,1.0,Found,12189,101491,"pop punk, United States, san diego",0,none,venue genres unspecified
Bronson Centre Music Theatre,Ottawa,All Genres,Steven Ho,Found,Steven Honigberg,https://open.spotify.com/artist/1P26QeBSf1X6lrzRchJNhn,0.72,Found,2,19,N/A,0,none,venue genres unspecified
Bronson Centre Music Theatre,Ottawa,All Genres,Leith Ross,Found,Leith Ross,https://open.spotify.com/artist/4nxKz1dRYXnsGzN1lUURtG,1.0,Found,811401,28251692,"folk, singer-songwriter, acoustic, indie pop, canada",0,none,venue genres unspecified
Bronson Centre Music Theatre,Ottawa,All Genres,Cattle Decapitation,Found,Cattle Decapitation,https://open.spotify.com/artist/67ZMMtA88DDO0gTuRrzGjn,1.0,Found,227960,13210050,"grindcore, death metal, deathgrind, Brutal Death Metal, goregrind",0,none,venue genres unspecified
Bronson Centre Music Theatre,Ottawa,All Genres,Steve Hofstetter,Found,Steve Hofstetter,https://open.spotify.com/artist/3L68G5ZpW6iZBuir17gsTC,1.0,Found,8743,121234,"comedy, spoken word, satire, All, stand-up",0,none,venue genres unspecified
Bronson Centre Music Theatre,Ottawa,All Genres,Jessica Kirson,Found,Jessica Kirson,https://open.spotify.com/artist/2b7kRoSN1AFOD4JxB7PVI9,1.0,Found,880,6146,hum2check,0,none,venue genres unspecified
Atomic Rooster,Ottawa,"Blues, Classic Rock, Country, Rock",Bonecat,Found,bonecatcher,https://open.spotify.com/artist/4w8UEShgdyDVYlKAAFfNNW,0.78,Found,5,44,N/A,0,none,genre mismatch
Atomic Rooster,Ottawa,"Blues, Classic Rock, Country, Rock",Bonecat,Found,bonecatcher,https://open.spotify.com/artist/4w8UEShgdyDVYlKAAFfNNW,0.78,Found,5,44,N/A,0,none,genre mismatch
Atomic Rooster,Ottawa,"Blues, Classic Rock, Country, Rock",Bonecat,Found,bonecatcher,https://open.spotify.com/artist/4w8UEShgdyDVYlKAAFfNNW,0.78,Found,5,44,N/A,0,none,genre mismatch
Avant Garde Bar,Ottawa,All Genres,August John,No match,N/A,N/A,N/A,Found,113,983,N/A,0,none,venue genres unspecified
Avant Garde Bar,Ottawa,All Genres,Sparrow Blue.,Found,Sparrow Blue,https://open.spotify.com/artist/7LuEY6P8FE0vuKsaiSOSSb,0.96,No match,N/A,N/A,N/A,N/A,none,venue genres unspecified
Avant Garde Bar,Ottawa,All Genres,The Thick,Found,The Thick,https://open.spotify.com/artist/69bSGbv6T6aKwSUNSpxDjB,1.0,Found,526,2596,N/A,0,none,venue genres unspecified
Avant Garde Bar,Ottawa,All Genres,Among Legends,Found,Among Legends,https://open.spotify.com/artist/569MZOYKK91wv5xrZY8x6w,1.0,Found,529,11482,"Progressive Metalcore, metalcore, Pop-punk, punk rock",0,none,venue genres unspecified
Avant Garde Bar,Ottawa,All Genres,Bonita,Found,Bella Bonita,https://open.spotify.com/artist/3K6JJtWNTBwQudEUuKYLQI,0.67,Found,3998,36423,"pop, psychedelic, rap, folk, hip hop",0,none,venue genres unspecified
Avant Garde Bar,Ottawa,All Genres,Polarized,Found,Polarized,https://open.spotify.com/artist/5fzssDFmNtSqLaivZkyDGv,1.0,Found,524,3393,"turkey, black metal, doom metal, thrash metal, death metal",0,none,venue genres unspecified
Avant Garde Bar,Ottawa,All Genres,bug crush,Found,bug crush,https://open.spotify.com/artist/1Sgo3vIsRHa4VDrSr1J9Jq,1.0,Found,1019,3031,N/A,0,none,venue genres unspecified
Avant Garde Bar,Ottawa,All Genres,The Berns,Found,The Berns,https://open.spotify.com/artist/3TGvCivbwRcF6mmEMMBpxD,1.0,Found,41,69,N/A,0,none,venue genres unspecified
Avant Garde Bar,Ottawa,All Genres,Neurotypes,Found,Neurotypes,https://open.spotify.com/artist/3gnUgcnqw9RVm4xNNwqRjy,1.0,Found,4750,19006,N/A,0,none,venue genres unspecified
Avant Garde Bar,Ottawa,All Genres,Zach Bellas,Found,Zach Bellas,https://open.spotify.com/artist/7H7cCi7OFGIehFeEdUufnt,1.0,Found,359,1628,N/A,0,none,venue genres unspecified
Adelaide Hall,Toronto,All Genres,Dorene,Found,Dorene,https://open.spotify.com/artist/6WdtV6IaSkkdIj61jkOcKI,1.0,Found,118,1651,N/A,0,none,venue genres unspecified
Adelaide Hall,Toronto,All Genres,Joseph,Found,Joseph Fina,https://open.spotify.com/artist/5BZjycpMPqgrPbJJq43szv,0.71,Found,209593,2055917,"psychedelic, hard rock, Psychedelic Rock, Stoner Rock, pop",0,none,venue genres unspecified
Adelaide Hall,Toronto,All Genres,Barns Courtney,Found,Barns Courtney,https://open.spotify.com/artist/5tFRohaO5yEsuJxmMnlCO9,1.0,Found,510943,10368246,"singer-songwriter, folk, alternative, british, indie rock",0,none,venue genres unspecified
Adelaide Hall,Toronto,All Genres,Belle and Chain,Found,Belle and Chain,https://open.spotify.com/artist/684MlNQOk16OBkc3dO0Nx5,1.0,Found,26,37,N/A,0,none,venue genres unspecified
Adelaide Hall,Toronto,All Genres,Baby Jane,Found,Baby Jane,https://open.spotify.com/artist/3scHMUcB85BflinC8FclbI,1.0,Found,135329,2576623,"hard rock, sleaze rock, sleaze, hair metal, swedish",0,none,venue genres unspecified
Adelaide Hall,Toronto,All Genres,Mitch Zorn,Found,Mitch Zorn,https://open.spotify.com/artist/0oIZCkRWLup8z9nLIEteQ7,1.0,Found,1493,5937,N/A,0,none,venue genres unspecified
Adelaide Hall,Toronto,All Genres,Bradley Hale,Found,Bradley Hale,https://open.spotify.com/artist/1TPjClIZ0S2xtgSNfqV6gF,1.0,Found,330,1397,indie,0,none,venue genres unspecified
Adelaide Hall,Toronto,All Genres,Tyler Lorette,Found,Tyler Lorette,https://open.spotify.com/artist/5AJ5mQlyss1SLspTXxo424,1.0,Found,977,280858,"producer, Canadian, pop, country, alternative pop",0,none,venue genres unspecified
Adelaide Hall,Toronto,All Genres,Wild Rivers,Found,Wild Rivers,https://open.spotify.com/artist/59sBwR0jPSTrbMtuTkRPN5,1.0,Found,289366,4978635,"folk, Canadian, indie folk, folk pop, sxsw 2017",0,none,venue genres unspecified
Adelaide Hall,Toronto,All Genres,LTL,No match,N/A,N/A,N/A,Found,590,4674,"House, techno",0,none,venue genres unspecified
Timothy's Pub,Toronto,"Acoustic, Blues, Classic Rock, Country, Dance, Funk, R&B, Rock, Singer-Songwriter",Greg Wyard,Found,Greg Wyard,https://open.spotify.com/artist/78pBu4TDjsigEHMKhUEHZ3,1.0,Found,375,2490,N/A,0,none,genre mismatch
Timothy's Pub,Toronto,"Acoustic, Blues, Classic Rock, Country, Dance, Funk, R&B, Rock, Singer-Songwriter",The Music Factory (TMF),No match,N/A,N/A,N/A,No match,N/A,N/A,N/A,N/A,none,unverified
Timothy's Pub,Toronto,"Acoustic, Blues, Classic Rock, Country, Dance, Funk, R&B, Rock, Singer-Songwriter",Greg Wyard,Found,Greg Wyard,https://open.spotify.com/artist/78pBu4TDjsigEHMKhUEHZ3,1.0,Found,375,2490,N/A,0,none,genre mismatch
Timothy's Pub,Toronto,"Acoustic, Blues, Classic Rock, Country, Dance, Funk, R&B, Rock, Singer-Songwriter",Greg Wyard,Found,Greg Wyard,https://open.spotify.com/artist/78pBu4TDjsigEHMKhUEHZ3,1.0,Found,375,2490,N/A,0,none,genre mismatch
Timothy's Pub,Toronto,"Acoustic, Blues, Classic Rock, Country, Dance, Funk, R&B, Rock, Singer-Songwriter",The Music Factory (TMF),No match,N/A,N/A,N/A,No match,N/A,N/A,N/A,N/A,none,unverified
Timothy's Pub,Toronto,"Acoustic, Blues, Classic Rock, Country, Dance, Funk, R&B, Rock, Singer-Songwriter",Greg Wyard,Found,Greg Wyard,https://open.spotify.com/artist/78pBu4TDjsigEHMKhUEHZ3,1.0,Found,375,2490,N/A,0,none,genre mismatch
Timothy's Pub,Toronto,"Acoustic, Blues, Classic Rock, Country, Dance, Funk, R&B, Rock, Singer-Songwriter",Greg Wyard,Found,Greg Wyard,https://open.spotify.com/artist/78pBu4TDjsigEHMKhUEHZ3,1.0,Found,375,2490,N/A,0,none,genre mismatch
Timothy's Pub,Toronto,"Acoustic, Blues, Classic Rock, Country, Dance, Funk, R&B, Rock, Singer-Songwriter",Greg Wyard,Found,Greg Wyard,https://open.spotify.com/artist/78pBu4TDjsigEHMKhUEHZ3,1.0,Found,375,2490,N/A,0,none,genre mismatch
Timothy's Pub,Toronto,"Acoustic, Blues, Classic Rock, Country, Dance, Funk, R&B, Rock, Singer-Songwriter",Greg Wyard,Found,Greg Wyard,https://open.spotify.com/artist/78pBu4TDjsigEHMKhUEHZ3,1.0,Found,375,2490,N/A,0,none,genre mismatch
Timothy's Pub,Toronto,"Acoustic, Blues, Classic Rock, Country, Dance, Funk, R&B, Rock, Singer-Songwriter",Greg Wyard,Found,Greg Wyard,https://open.spotify.com/artist/78pBu4TDjsigEHMKhUEHZ3,1.0,Found,375,2490,N/A,0,none,genre mismatch
Warehouse Concert Hall,St. Catharines,All Genres,Paitra,Found,Paitra,https://open.spotify.com/artist/6CamSFj9PoUDFG5y0i86eF,1.0,Found,354,1721,N/A,0,none,venue genres unspecified
Warehouse Concert Hall,St. Catharines,All Genres,PRRR,No match,N/A,N/A,N/A,Found,415,2346,N/A,0,none,venue genres unspecified
Warehouse Concert Hall,St. Catharines,All Genres,KryOGeniX,Found,KryoGenix,https://open.spotify.com/artist/5WeNwezi5gg6vVsMCo6wlY,1.0,Found,2,3,N/A,0,none,venue genres unspecified
Warehouse Concert Hall,St. Catharines,All Genres,The OBGMs,Found,The OBGMs,https://open.spotify.com/artist/3Sp7HTc7BNbSx0SPiHVeRI,1.0,Found,23025,224450,"punk, Canadian, toronto, hardcore, punk rock",0,none,venue genres unspecified
Warehouse Concert Hall,St. Catharines,All Genres,Gutter King,Found,Gutter King,https://open.spotify.com/artist/2maWSBlRcolvf4ZGpHGwqg,1.0,Found,16593,150532,"metalcore, Canadian, bookmark, post-hardcore, alternative metal",0,none,venue genres unspecified
Warehouse Concert Hall,St. Catharines,All Genres,The Downcast,Found,The Downcast,https://open.spotify.com/artist/5EugHGtLV6lP5NZ6nI6kt5,1.0,Found,844,3732,N/A,0,none,venue genres unspecified
Warehouse Concert Hall,St. Catharines,All Genres,The Free Label,Found,The Free Label,https://open.spotify.com/artist/4YOL2g6AwphwsB1dOZZSOr,1.0,Found,21351,118827,"funk, rnb, Canadian, Hip-Hop, pop",0,none,venue genres unspecified
Warehouse Concert Hall,St. Catharines,All Genres,Texas King,Found,Texas King,https://open.spotify.com/artist/55GkrWxCOER93qGLMiX2cj,1.0,Found,7968,61297,N/A,0,none,venue genres unspecified
Warehouse Concert Hall,St. Catharines,All Genres,Bleeker,Found,Bleeker,https://open.spotify.com/artist/64tT0KKbU4AFWkO6v1VvXv,1.0,Found,97964,655827,"my top songs, rock, alternative, alternative rock, Canadian",0,none,venue genres unspecified
Warehouse Concert Hall,St. Catharines,All Genres,Born In The Eighties,No match,N/A,N/A,N/A,Found,2,6,N/A,0,none,venue genres unspecified
The Studio,Hamilton,All Genres,Madeleine Peyroux,Found,Madeleine Peyroux,https://open.spotify.com/artist/7nXyULtoL8k7wP9l6kg8Ef,1.0,Found,1001248,15747796,"jazz, female vocalists, blues, vocal jazz, singer-songwriter",0,none,venue genres unspecified
The Studio,Hamilton,All Genres,Joy Clark,Found,Joy Clark,https://open.spotify.com/artist/7BTIW6ksfRBJ50xe6EtXjJ,1.0,Found,885,3490,"folk, soul, acoustic, singer-songwriter, United States",0,none,venue genres unspecified
The Studio,Hamilton,All Genres,Barak Mori,Found,Barak Mori,https://open.spotify.com/artist/2B9m3RQnberKMSfKcPZjNP,1.0,Found,16,62,N/A,0,none,venue genres unspecified
The Studio,Hamilton,All Genres,Anthony Rodia,Found,Anthony Rodia,https://open.spotify.com/artist/4KjxPPacD0JhSf2u5dWwVH,1.0,Found,4,40,N/A,0,none,venue genres unspecified
The Studio,Hamilton,All Genres,Shaylyn,Found,Shaylyn,https://open.spotify.com/artist/104qes6ETU8OMXFAudD0ZD,1.0,Found,13,183,"good times, mix, My girl, the best",0,none,venue genres unspecified
The Studio,Hamilton,All Genres,Josh Thomas,Found,Josh Thomas,https://open.spotify.com/artist/6iHjmE9zUec2wi0rleELUL,1.0,Found,5345,41334,"Need to Rate, comedy",0,none,venue genres unspecified
The Studio,Hamilton,All Genres,Highwaymen Show,No match,N/A,N/A,N/A,No match,N/A,N/A,N/A,N/A,none,venue genres unspecified
Chateau Lafayette,Ottawa,"Acoustic, Blues, Classic Rock, Country, Funk, Jazz, Singer-Songwriter",John Allaire,Found,John Allaire,https://open.spotify.com/artist/3VPARjUuL9ULbCXBy8CG7S,1.0,Found,39,1807,N/A,0,none,genre mismatch
Chateau Lafayette,Ottawa,"Acoustic, Blues, Classic Rock, Country, Funk, Jazz, Singer-Songwriter",Ron Leary,Found,Ron Leary,https://open.spotify.com/artist/4huuDtxz3sg2k2XtoFEDMr,1.0,Found,1287,5627,N/A,0,none,genre mismatch
Chateau Lafayette,Ottawa,"Acoustic, Blues, Classic Rock, Country, Funk, Jazz, Singer-Songwriter",John Allaire,Found,John Allaire,https://open.spotify.com/artist/3VPARjUuL9ULbCXBy8CG7S,1.0,Found,39,1807,N/A,0,none,genre mismatch
Fourth Stage,Ottawa,"Blues, Chamber, Classical, Country, Electronic, Folk, Jazz, Pop, Roots Music, Singer-Songwriter",MIINA,Found,MIINA,https://open.spotify.com/artist/2be45mouasgEeyH4Tgm4fB,1.0,Found,7042,59690,"Eurovision, estonia",0,none,genre mismatch
Fourth Stage,Ottawa,"Blues, Chamber, Classical, Country, Electronic, Folk, Jazz, Pop, Roots Music, Singer-Songwriter",The Battle of Santiago,No match,N/A,N/A,N/A,Found,133,562,N/A,0,none,genre mismatch
Fourth Stage,Ottawa,"Blues, Chamber, Classical, Country, Electronic, Folk, Jazz, Pop, Roots Music, Singer-Songwriter",Kazdoura,Found,Kazdoura,https://open.spotify.com/artist/7zm6lF98wKwyohB2zFetum,1.0,Found,17753,138413,"canada, Lebanon, syria, Canadian, arabic",0,none,genre mismatch
The Broom Factory,Kingston,All Genres,Old Man Luedecke,Found,Old Man Luedecke,https://open.spotify.com/artist/1L29dr4NAXlj2tGo51txba,1.0,Found,25091,294956,"folk, Canadian, bluegrass, acoustic, singer-songwriter",0,none,venue genres unspecified
The Broom Factory,Kingston,All Genres,Marlo Green,Found,Marlo Green,https://open.spotify.com/artist/3A6bOVxzXL1VSkEVmveqZ7,1.0,Found,343,944,N/A,0,none,venue genres unspecified
The Broom Factory,Kingston,All Genres,The Deep Dark Woods,Found,The Deep Dark Woods,https://open.spotify.com/artist/4ug92W02N1YsgX0t5wuXSl,1.0,Found,108860,1102771,"folk, Alt-country, Canadian, country, acoustic",0,none,venue genres unspecified
The Broom Factory,Kingston,All Genres,Cancer Bats,Found,Cancer Bats,https://open.spotify.com/artist/10YNQq86z4shHwDSymTyWc,1.0,Found,214570,7891537,"hardcore, hardcore punk, Southern Rock, Canadian, metal",0,none,venue genres unspecified
The Broom Factory,Kingston,All Genres,chastity,Found,Chastity,https://open.spotify.com/artist/1Pb13vLDNqpaXI88U9t6JG,1.0,Found,36456,401592,"Grunge, shoegaze, post-hardcore, hard rock, punk",0,none,venue genres unspecified
The Broom Factory,Kingston,All Genres,TEETH,Found,3TEETH,https://open.spotify.com/artist/4GHi4xklo0FT0l2CNuLFh2,0.91,Found,96291,926283,"death metal, hardcore, metalcore, punk, electronic",0,none,venue genres unspecified
The Broom Factory,Kingston,All Genres,ANCIIENTS,Found,Anciients,https://open.spotify.com/artist/3YQOcYukzO6U1MjFcavDUE,1.0,Found,44348,899271,"Progressive metal, stoner metal, Sludge, Canadian, sludge metal",0,none,venue genres unspecified
The Broom Factory,Kingston,All Genres,Haley Heynderickx,Found,Haley Heynderickx,https://open.spotify.com/artist/73MDShZzdL4vUGMkmXOG6X,1.0,Found,766144,18306591,"folk, singer-songwriter, indie folk, acoustic, indie",0,none,venue genres unspecified
The Broom Factory,Kingston,All Genres,Max García Conover,Found,Max García Conover,https://open.spotify.com/artist/4ztTnsVkjvWdYvrrXLFdW4,1.0,Found,17127,123909,"singer-songwriter, All",0,none,venue genres unspecified
The Broom Factory,Kingston,All Genres,Dead Root Revival,Found,Dead Root Revival,https://open.spotify.com/artist/79AxbasaPlUKEjYMq6p5BR,1.0,Found,169,760,N/A,0,none,venue genres unspecified
Bowie's,Smiths Falls,"Acoustic, Singer-Songwriter",Rory Taillon,Found,Rory Taillon,https://open.spotify.com/artist/6oQjB1aCEXR7pLYQznS1c9,1.0,Found,82,740,N/A,0,none,genre mismatch
Bowie's,Smiths Falls,"Acoustic, Singer-Songwriter",Craig Cardiff,Found,Craig Cardiff,https://open.spotify.com/artist/2VMxEtyyo7Jg3jmVDQPHwx,1.0,Found,176203,927899,"acoustic, Canadian, folk, singer-songwriter, indie",2,"acoustic, singer-songwriter",confirmed
Bowie's,Smiths Falls,"Acoustic, Singer-Songwriter",Craig Cardiff,Found,Craig Cardiff,https://open.spotify.com/artist/2VMxEtyyo7Jg3jmVDQPHwx,1.0,Found,176203,927899,"acoustic, Canadian, folk, singer-songwriter, indie",2,"acoustic, singer-songwriter",confirmed
Bowie's,Smiths Falls,"Acoustic, Singer-Songwriter",Rory Taillon,Found,Rory Taillon,https://open.spotify.com/artist/6oQjB1aCEXR7pLYQznS1c9,1.0,Found,82,740,N/A,0,none,genre mismatch
The Union,Kitchener,All Genres,Castle,No match,N/A,N/A,N/A,Found,21391,317507,"doom metal, heavy metal, Death Doom Metal, Traditional Doom Metal, metal",0,none,venue genres unspecified
The Union,Kitchener,All Genres,027,No match,N/A,N/A,N/A,Found,4032,114707,N/A,0,none,venue genres unspecified
Phog Lounge,Windsor,All Genres,Laveda,Found,Laveda,https://open.spotify.com/artist/4k9HOB4zrVAEasP7nm31F7,1.0,Found,33835,269494,"dream pop, shoegaze, indie rock, indie pop, rock",0,none,venue genres unspecified
Phog Lounge,Windsor,All Genres,Lock Smith,Found,Lock Smith,https://open.spotify.com/artist/47QGrsBXz8AudhrGWvX5xm,1.0,Found,117,556,N/A,0,none,venue genres unspecified
Phog Lounge,Windsor,All Genres,Dyse,Found,Dysergy,https://open.spotify.com/artist/1ahmNenvZeQHS46bXOc625,0.73,Found,5278,103911,N/A,0,none,venue genres unspecified
Harmony Music Hall,Vandorf,All Genres,Great Lake Swimmers,Found,Great Lake Swimmers,https://open.spotify.com/artist/2HcZuUtnktqMHm4H1R9gAR,1.0,Found,700495,11691628,"folk, indie, Canadian, singer-songwriter, indie pop",0,none,venue genres unspecified
Harmony Music Hall,Vandorf,All Genres,Lauren Dillen,Found,Lauren Dillen,https://open.spotify.com/artist/2neIzjY1W02Kmvu7YqrkYJ,1.0,Found,613,1604,N/A,0,none,venue genres unspecified
Harmony Music Hall,Vandorf,All Genres,Amy Millan,Found,Amy Millan,https://open.spotify.com/artist/3lj7jldByrrpUgW5Je8o1p,1.0,Found,184016,1887100,"Canadian, female vocalists, singer-songwriter, folk, indie",0,none,venue genres unspecified
Art House,Ottawa,All Genres,Ethan Mitchell,Found,Ethan Mitchell,https://open.spotify.com/artist/1cv01Clwc7zoEGDDj9B873,1.0,Found,915,2623,N/A,0,none,venue genres unspecified
Sonic Hall,Guelph,All Genres,Dana Sipos,Found,Dana Sipos,https://open.spotify.com/artist/5F8FbH4EdvOZrM8DyFOad3,1.0,Found,5730,18156,folk,0,none,venue genres unspecified
Sonic Hall,Guelph,All Genres,MIINA,Found,MIINA,https://open.spotify.com/artist/2be45mouasgEeyH4Tgm4fB,1.0,Found,7042,59690,"Eurovision, estonia",0,none,venue genres unspecified
Sonic Hall,Guelph,All Genres,The Effens,Found,The Effens,https://open.spotify.com/artist/42QZ5QH8mtRjcIDbuFwUHz,1.0,Found,3410,26415,"Grunge, indie, Garage Rock, rock, 47",0,none,venue genres unspecified
Sonic Hall,Guelph,All Genres,Brendan Philip,Found,Brendan Philip McCusker,https://open.spotify.com/artist/422h6gFlAYCtwvwZQnzXrb,0.76,Found,1589,4172,"All, soul, rap, pop, Neo-Soul",0,none,venue genres unspecified
Sonic Hall,Guelph,All Genres,The OBGMs,Found,The OBGMs,https://open.spotify.com/artist/3Sp7HTc7BNbSx0SPiHVeRI,1.0,Found,23025,224450,"punk, Canadian, toronto, hardcore, punk rock",0,none,venue genres unspecified
Sonic Hall,Guelph,All Genres,Andrew Collins,Found,The Andrew Collins Trio,https://open.spotify.com/artist/4vmHHoKAE63zk82CQRIJo3,0.76,Found,632,4647,"british, comedy, Radio, stand-up, bbc 6 music",0,none,venue genres unspecified
Sonic Hall,Guelph,All Genres,Bleeker,Found,Bleeker,https://open.spotify.com/artist/64tT0KKbU4AFWkO6v1VvXv,1.0,Found,97964,655827,"my top songs, rock, alternative, alternative rock, Canadian",0,none,venue genres unspecified
Sonic Hall,Guelph,All Genres,Texas King,Found,Texas King,https://open.spotify.com/artist/55GkrWxCOER93qGLMiX2cj,1.0,Found,7968,61297,N/A,0,none,venue genres unspecified
Sonic Hall,Guelph,All Genres,Living Room for Small,Found,Living Room for Small,https://open.spotify.com/artist/2M2xZJKF0jglkIaoI35X47,1.0,Found,4260,20541,N/A,0,none,venue genres unspecified
Sonic Hall,Guelph,All Genres,Chest Fever Official,No match,N/A,N/A,N/A,No match,N/A,N/A,N/A,N/A,none,venue genres unspecified
Black Pirates Pub,Thunder Bay,All Genres,Cancer Bats,Found,Cancer Bats,https://open.spotify.com/artist/10YNQq86z4shHwDSymTyWc,1.0,Found,214570,7891537,"hardcore, hardcore punk, Southern Rock, Canadian, metal",0,none,venue genres unspecified
Black Pirates Pub,Thunder Bay,All Genres,chastity,Found,Chastity,https://open.spotify.com/artist/1Pb13vLDNqpaXI88U9t6JG,1.0,Found,36456,401592,"Grunge, shoegaze, post-hardcore, hard rock, punk",0,none,venue genres unspecified
Black Pirates Pub,Thunder Bay,All Genres,ANCIIENTS,Found,Anciients,https://open.spotify.com/artist/3YQOcYukzO6U1MjFcavDUE,1.0,Found,44348,899271,"Progressive metal, stoner metal, Sludge, Canadian, sludge metal",0,none,venue genres unspecified
Black Pirates Pub,Thunder Bay,All Genres,TEETH,Found,3TEETH,https://open.spotify.com/artist/4GHi4xklo0FT0l2CNuLFh2,0.91,Found,96291,926283,"death metal, hardcore, metalcore, punk, electronic",0,none,venue genres unspecified
Black Pirates Pub,Thunder Bay,All Genres,Gutter King,Found,Gutter King,https://open.spotify.com/artist/2maWSBlRcolvf4ZGpHGwqg,1.0,Found,16593,150532,"metalcore, Canadian, bookmark, post-hardcore, alternative metal",0,none,venue genres unspecified
Black Pirates Pub,Thunder Bay,All Genres,CHILIØ,Found,CHILIØ,https://open.spotify.com/artist/3FRaTyJHsoqQoYjkEye5Yr,1.0,Found,12346,97792,"pop punk, post-hardcore, canada",0,none,venue genres unspecified
Black Pirates Pub,Thunder Bay,All Genres,Brass Camel,Found,Brass Camel,https://open.spotify.com/artist/59HNn8uI1RIbWzmPUy5pFm,1.0,Found,2076,19732,"canada, Progressive rock, Progressive Funk Rock, blues funk rock, funk hard rock",0,none,venue genres unspecified
Black Pirates Pub,Thunder Bay,All Genres,Mizmor,Found,Mizmor,https://open.spotify.com/artist/655AEE6ifgDJ3TYkhHdP48,1.0,Found,37316,567244,"black metal, doom metal, sludge metal, Sludge, drone",0,none,venue genres unspecified
Black Pirates Pub,Thunder Bay,All Genres,Dopethrone,Found,DopeThrone,https://open.spotify.com/artist/1iO4yRQP7nylDjGRzgWGj5,1.0,Found,15542,509646,"Sludge, doom metal, stoner metal, stoner doom, stoner",0,none,venue genres unspecified
BSMT 254,Toronto,All Genres,Khary,Found,Khary,https://open.spotify.com/artist/4489Zgs4RNq2ZtSh3UnOxZ,1.0,Found,111135,1929665,"rap, Hip-Hop, rhode island, hip hop, lyricist",0,none,venue genres unspecified
BSMT 254,Toronto,All Genres,Magugu,Found,Magugu,https://open.spotify.com/artist/6zfXNcgsqAJvIgEqWcX9hL,1.0,Found,10033,40884,"Grime, UK, nigeria, dancehall, pidgin rap",0,none,venue genres unspecified
BSMT 254,Toronto,All Genres,The City Gates,Found,The City Gates,https://open.spotify.com/artist/0vDqFxCtYOhrPdkcstFBRf,1.0,Found,7866,49656,"shoegaze, post-punk, canada, Canadian, yes",0,none,venue genres unspecified
BSMT 254,Toronto,All Genres,Golden Apes,Found,Golden Apes,https://open.spotify.com/artist/6vD0hJTvo9nvCJxWTLnsfi,1.0,Found,13910,226982,"Gothic Rock, Gothic, german, goth rock, goth",0,none,venue genres unspecified
BSMT 254,Toronto,All Genres,Fotocrime,Found,Fotocrime,https://open.spotify.com/artist/4FISVeBOWY3NwQsTUc7aVE,1.0,Found,8485,136660,"post-punk, Gothic Rock, new wave, american, darkwave",0,none,venue genres unspecified
BSMT 254,Toronto,All Genres,The Convenience,Found,The Convenience,https://open.spotify.com/artist/2PKfkrNktahdkVFB47NjGv,1.0,Found,30722,165018,N/A,0,none,venue genres unspecified
BSMT 254,Toronto,All Genres,Helm,No match,N/A,N/A,N/A,Found,41139,381669,"drone, noise, experimental, ambient, electronic",0,none,venue genres unspecified
BSMT 254,Toronto,All Genres,Black Budget,Found,Black Budget,https://open.spotify.com/artist/0exxtkY3sFR6zxeRnpA1ll,1.0,Found,604,4021,N/A,0,none,venue genres unspecified
BSMT 254,Toronto,All Genres,Myer Clarity,Found,Myer Clarity,https://open.spotify.com/artist/77Per5WGhEGOFgJoooR68E,1.0,Found,208,19870,N/A,0,none,venue genres unspecified
BSMT 254,Toronto,All Genres,Fresh Kils,Found,Fresh Kils,https://open.spotify.com/artist/3rVE3A5otLlHHxxs25rrb2,1.0,Found,586,2813,"instrumental hip-hop, beats, Backburner Crew, live sampler, akai MPC",0,none,venue genres unspecified
Red Bird Live,Ottawa,All Genres,Gary Louris,Found,Gary Louris,https://open.spotify.com/artist/1pSBByP9XAwxW5YTAIMNeZ,1.0,Found,20653,167036,"Alt-country, post hitching post, post folk core, singer-songwriter, post amoeba",0,none,venue genres unspecified
Red Bird Live,Ottawa,All Genres,Gary Louris,Found,Gary Louris,https://open.spotify.com/artist/1pSBByP9XAwxW5YTAIMNeZ,1.0,Found,20653,167036,"Alt-country, post hitching post, post folk core, singer-songwriter, post amoeba",0,none,venue genres unspecified
Red Bird Live,Ottawa,All Genres,Minor Gold,Found,Minor Gold,https://open.spotify.com/artist/2lirdoVpJHkqTyXzIpS8nI,1.0,Found,3412,11508,N/A,0,none,venue genres unspecified
Red Bird Live,Ottawa,All Genres,Lynne Hanson,Found,Lynne Hanson,https://open.spotify.com/artist/6wHUVkVAWJGuMXmo4WdaKL,1.0,Found,2924,47160,"country, americana, female vocalists, Alt-country, singer-songwriter",0,none,venue genres unspecified
Red Bird Live,Ottawa,All Genres,Steve Poltz,Found,Steve Poltz,https://open.spotify.com/artist/7AAenH06H5mjmOh4tj3z5Y,1.0,Found,15418,128895,"folk, singer-songwriter, Canadian, canada, sxsw 2005",0,none,venue genres unspecified
Red Bird Live,Ottawa,All Genres,Steve Poltz,Found,Steve Poltz,https://open.spotify.com/artist/7AAenH06H5mjmOh4tj3z5Y,1.0,Found,15418,128895,"folk, singer-songwriter, Canadian, canada, sxsw 2005",0,none,venue genres unspecified
Red Bird Live,Ottawa,All Genres,The Suitcase Junket,Found,The Suitcase Junket,https://open.spotify.com/artist/7Iew8GtdYcaznLxIJpJxeS,1.0,Found,57076,279852,"americana, USA, iron and wine, throat singing, Rusty Belle",0,none,venue genres unspecified
Red Bird Live,Ottawa,All Genres,Dave Gunning,Found,Dave Gunning,https://open.spotify.com/artist/0U4v5M7Pde5eg3slpkczAT,1.0,Found,2943,27848,"alternative country, Singer/Songwriter",0,none,venue genres unspecified
Red Bird Live,Ottawa,All Genres,Isaac Baronikian,Found,Isaac Baronikian,https://open.spotify.com/artist/5zdYqRWOVxflRhNLXOopoG,1.0,Found,39,242,N/A,0,none,venue genres unspecified
Red Bird Live,Ottawa,All Genres,Mama's Broke,No match,N/A,N/A,N/A,Found,11399,117301,"folk, blues, americana, country, canada",0,none,venue genres unspecified
The Moonshine Cafe,Oakville,All Genres,Nicholas Campbell,Found,Nicholas Campbell,https://open.spotify.com/artist/3soS3nb32LZz5arSm0RJ1x,1.0,Found,119,767,N/A,0,none,venue genres unspecified
The Moonshine Cafe,Oakville,All Genres,Wilson & The Cast Aways,Found,Wilson & the Cast Aways,https://open.spotify.com/artist/6l0XVZPjJFetG3L6kxHZDa,1.0,Found,20,209,N/A,0,none,venue genres unspecified
The Moonshine Cafe,Oakville,All Genres,Hell Bent Rockers,Found,Hell Bent Rockers,https://open.spotify.com/artist/1rdPbcCh8gk5OjJ0Wfd0QJ,1.0,Found,4,14,N/A,0,none,venue genres unspecified
The Moonshine Cafe,Oakville,All Genres,anddre mafra,Found,anddre mafra,https://open.spotify.com/artist/1qehYDs6m4640tvPejV8YB,1.0,Found,84,894,N/A,0,none,venue genres unspecified
The Moonshine Cafe,Oakville,All Genres,Josh Taerk,Found,Josh Taerk,https://open.spotify.com/artist/0gVwIMUNYvjfTp4fNnc81w,1.0,Found,638,5761,"acoustic, indie, USA, mexico, melodic rock",0,none,venue genres unspecified
The Moonshine Cafe,Oakville,All Genres,The Gary Kendall Trio feat: Teddy Leonard & Tyler Burgess,No match,N/A,N/A,N/A,No match,N/A,N/A,N/A,N/A,none,venue genres unspecified
The Moonshine Cafe,Oakville,All Genres,Rick St. Clair,Found,Rick St. Clair,https://open.spotify.com/artist/6TTWKcButqshZ0sma5FpwJ,1.0,Found,4,8,N/A,0,none,venue genres unspecified
The Moonshine Cafe,Oakville,All Genres,Dave Gunning,Found,Dave Gunning,https://open.spotify.com/artist/0U4v5M7Pde5eg3slpkczAT,1.0,Found,2943,27848,"alternative country, Singer/Songwriter",0,none,venue genres unspecified
The Moonshine Cafe,Oakville,All Genres,Lily Sazz - Musician,No match,N/A,N/A,N/A,No match,N/A,N/A,N/A,N/A,none,venue genres unspecified
Bridgeworks,Hamilton,All Genres,Chest Fever Official,No match,N/A,N/A,N/A,No match,N/A,N/A,N/A,N/A,none,venue genres unspecified
Bridgeworks,Hamilton,All Genres,Chest Fever,Found,Chest Fever,https://open.spotify.com/artist/3TAZptuQN4HvYXBBdynoky,1.0,Found,87,260,N/A,0,none,venue genres unspecified
Bridgeworks,Hamilton,All Genres,Cam Kahin,Found,Cam Kahin,https://open.spotify.com/artist/1RZPdKEZaw9Mz2r0HNYiSw,1.0,Found,15477,108382,N/A,0,none,venue genres unspecified
Bridgeworks,Hamilton,All Genres,Born In The Eighties,No match,N/A,N/A,N/A,Found,2,6,N/A,0,none,venue genres unspecified
Bridgeworks,Hamilton,All Genres,John Shambles,Found,John Shambles,https://open.spotify.com/artist/06I4xBSxNsS6WHTINcKEwl,1.0,Found,1130,2855,N/A,0,none,venue genres unspecified
Bridgeworks,Hamilton,All Genres,Elliott BROOD,Found,Elliott BROOD,https://open.spotify.com/artist/51RfVK8q11xKW7bi7bcMpJ,1.0,Found,87156,1186918,"Alt-country, Canadian, death country, country, rock",0,none,venue genres unspecified
Bridgeworks,Hamilton,All Genres,portrayal of guilt,Found,Portrayal of Guilt,https://open.spotify.com/artist/1Uwe1MbiKnPHAFh3qMWuNp,1.0,Found,91001,2735797,"screamo, black metal, post-hardcore, emoviolence, blackened screamo",0,none,venue genres unspecified
Bridgeworks,Hamilton,All Genres,Street Sects,Found,Street Sects,https://open.spotify.com/artist/61jq0F04ecataLAuDADgnF,1.0,Found,82039,1840167,"industrial, power electronics, synth punk, industrial rock, electro-industrial",0,none,venue genres unspecified
Bridgeworks,Hamilton,All Genres,Wintersleep,Found,Wintersleep,https://open.spotify.com/artist/1VrpL9mx2a6WRolLh7mHrE,1.0,Found,215743,6113665,"Canadian, indie rock, indie, alternative, rock",0,none,venue genres unspecified
Bridgeworks,Hamilton,All Genres,Weird Nightmare,Found,Weird Nightmare,https://open.spotify.com/artist/2dRm7hmP96rgIGGGX1wiLc,1.0,Found,17682,95863,"power pop, indie rock, Garage Rock, USA, Lo-Fi",0,none,venue genres unspecified
Mills Hardware,Hamilton,All Genres,Bealby Point,Found,Bealby Point,https://open.spotify.com/artist/3RFcQWqSi7oW9hBmapQ25X,1.0,Found,12721,94770,N/A,0,none,venue genres unspecified
Mills Hardware,Hamilton,All Genres,MIINA,Found,MIINA,https://open.spotify.com/artist/2be45mouasgEeyH4Tgm4fB,1.0,Found,7042,59690,"Eurovision, estonia",0,none,venue genres unspecified
Mills Hardware,Hamilton,All Genres,Dana Sipos,Found,Dana Sipos,https://open.spotify.com/artist/5F8FbH4EdvOZrM8DyFOad3,1.0,Found,5730,18156,folk,0,none,venue genres unspecified
Mills Hardware,Hamilton,All Genres,The OBGMs,Found,The OBGMs,https://open.spotify.com/artist/3Sp7HTc7BNbSx0SPiHVeRI,1.0,Found,23025,224450,"punk, Canadian, toronto, hardcore, punk rock",0,none,venue genres unspecified
Mills Hardware,Hamilton,All Genres,Brendan Philip,Found,Brendan Philip McCusker,https://open.spotify.com/artist/422h6gFlAYCtwvwZQnzXrb,0.76,Found,1589,4172,"All, soul, rap, pop, Neo-Soul",0,none,venue genres unspecified
Mills Hardware,Hamilton,All Genres,The Effens,Found,The Effens,https://open.spotify.com/artist/42QZ5QH8mtRjcIDbuFwUHz,1.0,Found,3410,26415,"Grunge, indie, Garage Rock, rock, 47",0,none,venue genres unspecified
Mills Hardware,Hamilton,All Genres,The Deep Dark Woods,Found,The Deep Dark Woods,https://open.spotify.com/artist/4ug92W02N1YsgX0t5wuXSl,1.0,Found,108860,1102771,"folk, Alt-country, Canadian, country, acoustic",0,none,venue genres unspecified
Mills Hardware,Hamilton,All Genres,Antonio Larosa,Found,Antonio Larosa,https://open.spotify.com/artist/6Dq03yxvWqvZPoZR7OWbZX,1.0,Found,640,1752,N/A,0,none,venue genres unspecified
Mills Hardware,Hamilton,All Genres,Dawson Gray,Found,Dawson Gray,https://open.spotify.com/artist/5ZvAlu11UW8s9EpUDlE5DA,1.0,Found,1968,9254,N/A,0,none,venue genres unspecified
Mills Hardware,Hamilton,All Genres,The Thick,Found,The Thick,https://open.spotify.com/artist/69bSGbv6T6aKwSUNSpxDjB,1.0,Found,526,2596,N/A,0,none,venue genres unspecified
Doors: Taco Joint & Metal Bar,Hamilton,"All Genres, Metal, Punk",Castle,No match,N/A,N/A,N/A,Found,21391,317507,"doom metal, heavy metal, Death Doom Metal, Traditional Doom Metal, metal",1,metal,confirmed
Doors: Taco Joint & Metal Bar,Hamilton,"All Genres, Metal, Punk",Killotine,Found,Killotine,https://open.spotify.com/artist/4e5h8PmnBIrO9VK8bMIbta,1.0,Found,61,237,"uk metal, heavy metal",1,metal,confirmed
Doors: Taco Joint & Metal Bar,Hamilton,"All Genres, Metal, Punk",Gomer,No match,N/A,N/A,N/A,Found,135,984,N/A,0,none,genre mismatch
Doors: Taco Joint & Metal Bar,Hamilton,"All Genres, Metal, Punk",Bloody Blue Darlings,Found,Bloody Blue Darlings,https://open.spotify.com/artist/0yCi3Ou0ZKVBLXpuKZpWxA,1.0,Found,35,239,N/A,0,none,genre mismatch
Doors: Taco Joint & Metal Bar,Hamilton,"All Genres, Metal, Punk",J FU,No match,N/A,N/A,N/A,Found,36,92,N/A,0,none,genre mismatch
Doors: Taco Joint & Metal Bar,Hamilton,"All Genres, Metal, Punk",Teenage Bubblegums,Found,Teenage Bubblegums,https://open.spotify.com/artist/7omee5KVHg9EXclATm6PNy,1.0,Found,2359,31140,"pop punk, punk rock, Old School Pop Punk, punk, Pop-punk",1,punk,confirmed
Doors: Taco Joint & Metal Bar,Hamilton,"All Genres, Metal, Punk",Summer's Brother,Found,Summer's Brother,https://open.spotify.com/artist/3UWbg10eG8C4P0PYUONcRe,1.0,Found,329,1217,N/A,0,none,genre mismatch
Doors: Taco Joint & Metal Bar,Hamilton,"All Genres, Metal, Punk",Thunder Glove,Found,Thunder Glove,https://open.spotify.com/artist/0oKL2grkfuCoojOfuMbv1i,1.0,Found,39,243,N/A,0,none,genre mismatch
The Baby G,Toronto,All Genres,Bleary Eyed,Found,Bleary Eyed,https://open.spotify.com/artist/0JTGTWQ2CBQlQtAHb8zMWS,1.0,Found,59023,592762,"Grunge, indie pop, shoegaze, alternative rock, post-grunge",0,none,venue genres unspecified
The Baby G,Toronto,All Genres,Zzzahara,Found,zzzahara,https://open.spotify.com/artist/26j38hvhD7PjC0a4EqdaSn,1.0,Found,87229,736125,"shoegaze, indie pop, synthpop, pop, dream pop",0,none,venue genres unspecified
The Baby G,Toronto,All Genres,CHRIST DILLINGER,Found,CHRIST DILLINGER,https://open.spotify.com/artist/5wtRHmD5xeAYuwxiteR5t3,1.0,Found,131666,3378573,"spider gang, trap, rap, Hip-Hop, alternative rap",0,none,venue genres unspecified
The Baby G,Toronto,All Genres,BnS,No match,N/A,N/A,N/A,Found,1949,11539,"Belgium, rap, brussels, Bienvenu n Sonar, En bas en bas",0,none,venue genres unspecified
The Baby G,Toronto,All Genres,Dana Sipos,Found,Dana Sipos,https://open.spotify.com/artist/5F8FbH4EdvOZrM8DyFOad3,1.0,Found,5730,18156,folk,0,none,venue genres unspecified
The Baby G,Toronto,All Genres,MIINA,Found,MIINA,https://open.spotify.com/artist/2be45mouasgEeyH4Tgm4fB,1.0,Found,7042,59690,"Eurovision, estonia",0,none,venue genres unspecified
The Baby G,Toronto,All Genres,bug crush,Found,bug crush,https://open.spotify.com/artist/1Sgo3vIsRHa4VDrSr1J9Jq,1.0,Found,1019,3031,N/A,0,none,venue genres unspecified
The Baby G,Toronto,All Genres,Ritt Momney,Found,Ritt Momney,https://open.spotify.com/artist/7MPGCB854Qo4alYMOPkBka,1.0,Found,581940,7192252,"indie pop, indie, indie rock, USA, dream pop",0,none,venue genres unspecified
The Baby G,Toronto,All Genres,B.A. Johnston,No match,N/A,N/A,N/A,Found,2146,89415,"Canadian, indie, comedy, chud",0,none,venue genres unspecified
The Baby G,Toronto,All Genres,Sons of Butcher,Found,Sons Of Butcher,https://open.spotify.com/artist/66fr3Ie1bDALvd92OF0p0q,1.0,Found,6822,224610,"rock, comedy, Soundtrack, Canadian, Meat",0,none,venue genres unspecified
LOLA,Toronto,All Genres,Ron Leary,Found,Ron Leary,https://open.spotify.com/artist/4huuDtxz3sg2k2XtoFEDMr,1.0,Found,1287,5627,N/A,0,none,venue genres unspecified
Grossman's Tavern,Toronto,"Blues, Jazz, Roots Music",Johnny Burgin,Found,Johnny Burgin,https://open.spotify.com/artist/3TO16L9G6h4sLM74SMoGB5,1.0,Found,562,4059,N/A,0,none,genre mismatch
TD Music Hall,Toronto,All Genres,Haley Heynderickx,Found,Haley Heynderickx,https://open.spotify.com/artist/73MDShZzdL4vUGMkmXOG6X,1.0,Found,766144,18306591,"folk, singer-songwriter, indie folk, acoustic, indie",0,none,venue genres unspecified
TD Music Hall,Toronto,All Genres,Max García Conover,Found,Max García Conover,https://open.spotify.com/artist/4ztTnsVkjvWdYvrrXLFdW4,1.0,Found,17127,123909,"singer-songwriter, All",0,none,venue genres unspecified
TD Music Hall,Toronto,All Genres,Jenn Grant,Found,Jenn Grant,https://open.spotify.com/artist/4ll7UpFe9fDtA0g16Vgf5L,1.0,Found,61780,740774,"Canadian, folk, singer-songwriter, female vocalists, indie",0,none,venue genres unspecified
TD Music Hall,Toronto,All Genres,Zinadelphia,Found,Zinadelphia,https://open.spotify.com/artist/2bTnGGWvuVQsMVyg31rmum,1.0,Found,83483,720749,"guitar, jazz, folk, soul, funk",0,none,venue genres unspecified
TD Music Hall,Toronto,All Genres,Good Grief,Found,Good Grief,https://open.spotify.com/artist/0CiZp5RMtcwR2JGTvmTXa8,1.0,Found,7833,69838,"emo, punk, hardcore, USA, J-rock",0,none,venue genres unspecified
TD Music Hall,Toronto,All Genres,Ariel Posen,Found,Ariel Posen,https://open.spotify.com/artist/2eiy8nxhJQnnBYMMXR6u5y,1.0,Found,33063,300425,"guitar, blues, rock, indie, canada",0,none,venue genres unspecified
TD Music Hall,Toronto,All Genres,Wendlo,Found,Wendlo,https://open.spotify.com/artist/7Gv2m6LRpBmAheRectfl2E,1.0,Found,8121,34712,N/A,0,none,venue genres unspecified
TD Music Hall,Toronto,All Genres,Mallory Johnson,Found,Mallory Johnson,https://open.spotify.com/artist/56A5s2TH3rRBgnrts1YLy3,1.0,Found,547,2279,country,0,none,venue genres unspecified
TD Music Hall,Toronto,All Genres,Flore Laurentienne,Found,Flore Laurentienne,https://open.spotify.com/artist/05ElmDRcpwbAIRmLqRw1Bv,1.0,Found,19274,92237,"ambient, Canadian, canada, electronic, strings",0,none,venue genres unspecified
TD Music Hall,Toronto,All Genres,Rose Gray,Found,Rose Gray,https://open.spotify.com/artist/5YYrWH3w4JYijU4JZrOXWA,1.0,Found,208115,7954145,"pop, House, dance, electropop, dance-pop",0,none,venue genres unspecified
The Music Hall,Hamilton,All Genres,Here Come the Mummies,Found,Here Come The Mummies,https://open.spotify.com/artist/2pXFmyqPm7wHJ1HGAwyR3L,1.0,Found,29721,612589,"funk, jazz, comedy, funky, classic rock",0,none,venue genres unspecified
Overflow Brewing Company,Ottawa,All Genres,Cancer Bats,Found,Cancer Bats,https://open.spotify.com/artist/10YNQq86z4shHwDSymTyWc,1.0,Found,214570,7891537,"hardcore, hardcore punk, Southern Rock, Canadian, metal",0,none,venue genres unspecified
Overflow Brewing Company,Ottawa,All Genres,ANCIIENTS,Found,Anciients,https://open.spotify.com/artist/3YQOcYukzO6U1MjFcavDUE,1.0,Found,44348,899271,"Progressive metal, stoner metal, Sludge, Canadian, sludge metal",0,none,venue genres unspecified
Overflow Brewing Company,Ottawa,All Genres,TEETH,Found,3TEETH,https://open.spotify.com/artist/4GHi4xklo0FT0l2CNuLFh2,0.91,Found,96291,926283,"death metal, hardcore, metalcore, punk, electronic",0,none,venue genres unspecified
Overflow Brewing Company,Ottawa,All Genres,chastity,Found,Chastity,https://open.spotify.com/artist/1Pb13vLDNqpaXI88U9t6JG,1.0,Found,36456,401592,"Grunge, shoegaze, post-hardcore, hard rock, punk",0,none,venue genres unspecified
Overflow Brewing Company,Ottawa,All Genres,Kingfisher,Found,Kingfisher,https://open.spotify.com/artist/1OJSbyq5QnxGCoTZs9DVsv,1.0,Found,28187,299640,"indie folk, indie, post-rock, american, chamber pop",0,none,venue genres unspecified
Overflow Brewing Company,Ottawa,All Genres,A Wilhelm Scream,Found,A Wilhelm Scream,https://open.spotify.com/artist/6v7mkDKyZ50l4Jiqwx2JLg,1.0,Found,197424,10621636,"melodic hardcore, punk rock, punk, hardcore, hardcore punk",0,none,venue genres unspecified
Overflow Brewing Company,Ottawa,All Genres,MAJORS,Found,MajorStage,https://open.spotify.com/artist/3H3bgktdv4JjIrdl9py6CI,0.75,Found,22755,563647,"k-pop, pop, Kpop, Korean, danish",0,none,venue genres unspecified
Overflow Brewing Company,Ottawa,All Genres,Strung Out,Found,Strung Out,https://open.spotify.com/artist/07ATE522e8aDsEb0JVLYqg,1.0,Found,376365,10646106,"punk rock, melodic hardcore, punk, hardcore, rock",0,none,venue genres unspecified
Overflow Brewing Company,Ottawa,All Genres,Alpha Wolf,Found,Alpha Wolf,https://open.spotify.com/artist/2tjnvrUmP46XNjFh9V0NGc,1.0,Found,199661,8019915,"metalcore, Nu Metal, deathcore, nu metalcore, australian",0,none,venue genres unspecified
Overflow Brewing Company,Ottawa,All Genres,Gideon,Found,Gideon,https://open.spotify.com/artist/3Zj2B8yAi8gHoR8vpsPatZ,1.0,Found,114224,3091914,"hardcore, metalcore, melodic hardcore, christian, melodic metalcore",0,none,venue genres unspecified
The Burlington Performing Arts Centre,Burlington,All Genres,Musician Jesse Cook,No match,N/A,N/A,N/A,No match,N/A,N/A,N/A,N/A,none,venue genres unspecified
The Burlington Performing Arts Centre,Burlington,All Genres,The North Sound,Found,The North Sound,https://open.spotify.com/artist/7gopHHMMC0WnY58ktrwt12,1.0,Found,211,1062,N/A,0,none,venue genres unspecified
Neat Coffee Shop,Burnstown,All Genres,The Deep Dark Woods,Found,The Deep Dark Woods,https://open.spotify.com/artist/4ug92W02N1YsgX0t5wuXSl,1.0,Found,108860,1102771,"folk, Alt-country, Canadian, country, acoustic",0,none,venue genres unspecified
Neat Coffee Shop,Burnstown,All Genres,MIINA,Found,MIINA,https://open.spotify.com/artist/2be45mouasgEeyH4Tgm4fB,1.0,Found,7042,59690,"Eurovision, estonia",0,none,venue genres unspecified
Neat Coffee Shop,Burnstown,All Genres,Dana Sipos,Found,Dana Sipos,https://open.spotify.com/artist/5F8FbH4EdvOZrM8DyFOad3,1.0,Found,5730,18156,folk,0,none,venue genres unspecified
Neat Coffee Shop,Burnstown,All Genres,Aysanabee,Found,Aysanabee,https://open.spotify.com/artist/1jbEBKJhX4rRmHD6xW6ve5,1.0,Found,7932,54619,"Canadian, soul, pop, indie, indigenous",0,none,venue genres unspecified
Neat Coffee Shop,Burnstown,All Genres,Aysanabee,Found,Aysanabee,https://open.spotify.com/artist/1jbEBKJhX4rRmHD6xW6ve5,1.0,Found,7932,54619,"Canadian, soul, pop, indie, indigenous",0,none,venue genres unspecified
Neat Coffee Shop,Burnstown,All Genres,The Pursuit of Happiness,Found,The Pursuit Of Happiness,https://open.spotify.com/artist/0lVGx5D7ylaycWxIdGXMt0,1.0,Found,18150,181825,"power pop, rock, Canadian, alternative, canada",0,none,venue genres unspecified
Neat Coffee Shop,Burnstown,All Genres,The Pursuit of Happiness,Found,The Pursuit Of Happiness,https://open.spotify.com/artist/0lVGx5D7ylaycWxIdGXMt0,1.0,Found,18150,181825,"power pop, rock, Canadian, alternative, canada",0,none,venue genres unspecified
Neat Coffee Shop,Burnstown,All Genres,Brother Elsey,Found,Brother Elsey,https://open.spotify.com/artist/42GGScyKt6gtODJxypA53g,1.0,Found,3816,27337,N/A,0,none,venue genres unspecified
Neat Coffee Shop,Burnstown,All Genres,Good Lovelies,Found,Good Lovelies,https://open.spotify.com/artist/3hh35eWuRs5ZqIUIKyne5S,1.0,Found,33053,236215,"folk, Canadian, country, female vocalists, western swing",0,none,venue genres unspecified
Neat Coffee Shop,Burnstown,All Genres,Good Lovelies,Found,Good Lovelies,https://open.spotify.com/artist/3hh35eWuRs5ZqIUIKyne5S,1.0,Found,33053,236215,"folk, Canadian, country, female vocalists, western swing",0,none,venue genres unspecified
Ground Control,Toronto,"All Genres, Dance, Electronic, Gothic, Indie, Industrial, New Wave, Pop, Post Punk",DJ LAZARUS,Found,DJ Lazarus_sa,https://open.spotify.com/artist/5fYo8zchuyEPwSIoPtBsjM,0.87,Found,312,810,N/A,0,none,genre mismatch
Dominion Tavern,Ottawa,"All Genres, Alternative, Garage, Indie, Metal, Punk, Rock",Omnivide,Found,Omnivide,https://open.spotify.com/artist/58iZiFQBnlpS1LQCLZIaw2,1.0,Found,2453,25232,"progressive death metal, Progressive metal, death metal, Melodic Death Metal, Technical Death Metal",1,metal,confirmed
Dominion Tavern,Ottawa,"All Genres, Alternative, Garage, Indie, Metal, Punk, Rock",Chemicide,Found,Chemicide,https://open.spotify.com/artist/4ax8Q2ingc59UDymaYLqFn,1.0,Found,6434,111827,"thrash metal, costa rica, blackened thrash metal, black metal, metal",1,metal,confirmed
Dominion Tavern,Ottawa,"All Genres, Alternative, Garage, Indie, Metal, Punk, Rock",Lycanthro,Found,Lycanthro,https://open.spotify.com/artist/1gu6xNtakT2XfJr76o4AsN,1.0,Found,980,5399,"canada, heavy metal, Traditional Metal, canadian metal, traditional heavy metal",1,metal,confirmed
Dominion Tavern,Ottawa,"All Genres, Alternative, Garage, Indie, Metal, Punk, Rock",Castle,No match,N/A,N/A,N/A,Found,21391,317507,"doom metal, heavy metal, Death Doom Metal, Traditional Doom Metal, metal",1,metal,confirmed
Dominion Tavern,Ottawa,"All Genres, Alternative, Garage, Indie, Metal, Punk, Rock",Black Galaxy,Found,Black Galaxy,https://open.spotify.com/artist/0dZC0prQOiVmcSV5Vwe4ma,1.0,Found,230,1055,"canada, stoner metal",1,metal,confirmed
Dominion Tavern,Ottawa,"All Genres, Alternative, Garage, Indie, Metal, Punk, Rock",Black Absinthe,Found,Black Absinthe,https://open.spotify.com/artist/1TlUViDRcGGV01mIegiVLC,1.0,Found,611,2883,"canada, metal, heavy metal, metalcore, canadian metal",1,metal,confirmed
Dominion Tavern,Ottawa,"All Genres, Alternative, Garage, Indie, Metal, Punk, Rock",Killotine,Found,Killotine,https://open.spotify.com/artist/4e5h8PmnBIrO9VK8bMIbta,1.0,Found,61,237,"uk metal, heavy metal",1,metal,confirmed
Dominion Tavern,Ottawa,"All Genres, Alternative, Garage, Indie, Metal, Punk, Rock",The Riptides,Found,The Riptides,https://open.spotify.com/artist/4MELFYzpsOtvvwR7IgytQs,1.0,Found,19585,214435,"pop punk, punk, punk rock, Canadian, power pop",2,"punk, rock",confirmed
Dominion Tavern,Ottawa,"All Genres, Alternative, Garage, Indie, Metal, Punk, Rock",Huntingtons,Found,Huntingtons,https://open.spotify.com/artist/6HL0EdN1uN2ZdaLHYh5WcG,1.0,Found,35421,410049,"punk rock, pop punk, punk, ramonescore, spotify",2,"punk, rock",confirmed
Dominion Tavern,Ottawa,"All Genres, Alternative, Garage, Indie, Metal, Punk, Rock",Burn The Evidence,Found,Burn The Evidence,https://open.spotify.com/artist/2CgHpGwAjW7U5QCnFnOetJ,1.0,Found,387,2659,"rock, alternative, metalcore, alternative metal, alt.rock",3,"alternative, metal, rock",confirmed
House of TARG,Ottawa,"All Genres, Alternative, Indie, Metal, Progressive, Punk, Rock",Slo' Tom and The Handsome Devils,Found,Slo' Tom and The Handsome Devils,https://open.spotify.com/artist/58lqprr2SC7sL3qKfYBiSz,1.0,Found,5,34,N/A,0,none,genre mismatch
House of TARG,Ottawa,"All Genres, Alternative, Indie, Metal, Progressive, Punk, Rock",The Meteors,Found,The Meteors,https://open.spotify.com/artist/7a2sloQlmdKSmj3fwMMpg9,1.0,Found,181522,3974426,"psychobilly, rockabilly, horror punk, punk, punk rock",2,"punk, rock",confirmed
House of TARG,Ottawa,"All Genres, Alternative, Indie, Metal, Progressive, Punk, Rock",MOONBEAN Music,No match,N/A,N/A,N/A,No match,N/A,N/A,N/A,N/A,none,unverified
House of TARG,Ottawa,"All Genres, Alternative, Indie, Metal, Progressive, Punk, Rock",Thee Male Nurse,Found,Thee Male Nurse,https://open.spotify.com/artist/0Y3jZUuntvP3P9XTWVSEHS,1.0,Found,25,258,N/A,0,none,genre mismatch
House of TARG,Ottawa,"All Genres, Alternative, Indie, Metal, Progressive, Punk, Rock",Madeline Goldstein,Found,Madeline Goldstein,https://open.spotify.com/artist/0qtVLVzUD4Qglw7wW90QqO,1.0,Found,28595,232483,"synthpop, dream pop, new wave, electronic, dance",0,none,genre mismatch
House of TARG,Ottawa,"All Genres, Alternative, Indie, Metal, Progressive, Punk, Rock",Class of 91,Found,Class of 91,https://open.spotify.com/artist/51g6yoS7Fhwr80XSmzADxb,1.0,Found,149,404,N/A,0,none,genre mismatch
House of TARG,Ottawa,"All Genres, Alternative, Indie, Metal, Progressive, Punk, Rock",Leæther Strip,Found,Leæther Strip,https://open.spotify.com/artist/0klcoRwPQF1GMv8FrA7F8V,1.0,Found,111583,1986519,"ebm, industrial, dark electro, electronic, darkwave",0,none,genre mismatch
House of TARG,Ottawa,"All Genres, Alternative, Indie, Metal, Progressive, Punk, Rock",Antigen Shift,Found,Antigen Shift,https://open.spotify.com/artist/4r33PRzkWOOWXayZrwJtAW,1.0,Found,9768,156599,"Rhythmic Noise, industrial, idm, noise, powernoise",0,none,genre mismatch
House of TARG,Ottawa,"All Genres, Alternative, Indie, Metal, Progressive, Punk, Rock",DeeCRACKS,Found,DeeCRACKS,https://open.spotify.com/artist/6ACxbHWRRiS2afnUFm5wvL,1.0,Found,5854,121982,"punk rock, Old School Pop Punk, punk, rock, Garage Rock",2,"punk, rock",confirmed
House of TARG,Ottawa,"All Genres, Alternative, Indie, Metal, Progressive, Punk, Rock",The Riptides,Found,The Riptides,https://open.spotify.com/artist/4MELFYzpsOtvvwR7IgytQs,1.0,Found,19585,214435,"pop punk, punk, punk rock, Canadian, power pop",2,"punk, rock",confirmed
Orillia Opera House,Orillia,All Genres,Tom Green,Found,Tom Green,https://open.spotify.com/artist/60XDacM2oeOtotHE9uMUVY,1.0,Found,34698,220436,"comedy, Canadian, Hip-Hop, rap, hip hop",0,none,venue genres unspecified
Orillia Opera House,Orillia,All Genres,Jacob Moon,Found,Jacob Moon,https://open.spotify.com/artist/6HAe3lRGkGavHZRvw6NO4h,1.0,Found,3050,19672,"acoustic, canadian folk, singer-songwirter",0,none,venue genres unspecified
Orillia Opera House,Orillia,All Genres,Marc Jordan,No match,N/A,N/A,N/A,Found,42977,282246,"Smooth Jazz, Canadian, jazz, male vocalists, adult contemporary",0,none,venue genres unspecified
Orillia Opera House,Orillia,All Genres,Garnetta Cromwell & Dagroovmasters,No match,N/A,N/A,N/A,No match,N/A,N/A,N/A,N/A,none,venue genres unspecified
Showplace Performance Centre,,All Genres,Musician Jesse Cook,No match,N/A,N/A,N/A,No match,N/A,N/A,N/A,N/A,none,venue genres unspecified
Showplace Performance Centre,,All Genres,James Otto,Found,James Otto,https://open.spotify.com/artist/3VStI6m5Ig9FAyUaa0lYAP,1.0,Found,178335,928522,"country, modern country, James Otto, male vocalists, contemporary country",0,none,venue genres unspecified
Showplace Performance Centre,,All Genres,Elyse Saunders,Found,Elyse Saunders,https://open.spotify.com/artist/1jsGKKtfTZM5XBlT9EhFOk,1.0,Found,1552,5184,country,0,none,venue genres unspecified
Showplace Performance Centre,,All Genres,Tara Shannon,Found,Tara Shannon,https://open.spotify.com/artist/7Kx6CpkEek231Cow2fD4gs,1.0,Found,229,599,N/A,0,none,venue genres unspecified
The Hub,Kitchener,All Genres,Gabriel Rutledge,Found,Gabriel Rutledge,https://open.spotify.com/artist/4JLYIWkIU0p2zxtTaixtoC,1.0,Found,442,3978,N/A,0,none,venue genres unspecified
Junction Underground,Toronto,All Genres,ALEX EXISTS,Found,Alex Exists,https://open.spotify.com/artist/4RZooV8I5pIHNinbzf1c9Q,1.0,Found,94,249,N/A,0,none,venue genres unspecified
Junction Underground,Toronto,All Genres,Skaface,Found,Skaface,https://open.spotify.com/artist/137FntNMMR1mVAt4oVVPUE,1.0,Found,841,14592,"ska, Canadian, reggae, 3rd wave ska, third wave ska",0,none,venue genres unspecified
Junction Underground,Toronto,All Genres,Rat Grenade,Found,Rat Grenade,https://open.spotify.com/artist/4PbEcGLcp3uXVvVTwnActZ,1.0,Found,29,40,N/A,0,none,venue genres unspecified
Junction Underground,Toronto,All Genres,Streets To Ourselves,Found,Streets to Ourselves,https://open.spotify.com/artist/4uyMcV8QxV8GGkwAhrUZrA,1.0,Found,365,1296,punk,0,none,venue genres unspecified
Tapestry,Toronto,All Genres,Dinosaur Politics,No match,N/A,N/A,N/A,No match,N/A,N/A,N/A,N/A,none,venue genres unspecified
Tapestry,Toronto,All Genres,redhed,Found,REDHEDII,https://open.spotify.com/artist/1GtPaDPv9FhblBFywg9rYE,0.86,Found,163,564,N/A,0,none,venue genres unspecified
Maxwell's Concerts and Events,Waterloo,All Genres,Michael Mathers - Eminem Tribute,No match,N/A,N/A,N/A,No match,N/A,N/A,N/A,N/A,none,venue genres unspecified
Maxwell's Concerts and Events,Waterloo,All Genres,Cam Kahin,Found,Cam Kahin,https://open.spotify.com/artist/1RZPdKEZaw9Mz2r0HNYiSw,1.0,Found,15477,108382,N/A,0,none,venue genres unspecified
Maxwell's Concerts and Events,Waterloo,All Genres,Softcase,Found,Softcase,https://open.spotify.com/artist/2nqXZfwOxBVcKjVa7pYdC8,1.0,Found,67,478,N/A,0,none,venue genres unspecified
Maxwell's Concerts and Events,Waterloo,All Genres,Born In The Eighties,No match,N/A,N/A,N/A,Found,2,6,N/A,0,none,venue genres unspecified
Maxwell's Concerts and Events,Waterloo,All Genres,Royal Tusk,Found,Royal Tusk,https://open.spotify.com/artist/122qG4lB9vG6XCjrwJPnRJ,1.0,Found,56904,456479,"Canadian, rock, All, indie, hard rock",0,none,venue genres unspecified
Maxwell's Concerts and Events,Waterloo,All Genres,John Shambles,Found,John Shambles,https://open.spotify.com/artist/06I4xBSxNsS6WHTINcKEwl,1.0,Found,1130,2855,N/A,0,none,venue genres unspecified
Maxwell's Concerts and Events,Waterloo,All Genres,Brother Elsey,Found,Brother Elsey,https://open.spotify.com/artist/42GGScyKt6gtODJxypA53g,1.0,Found,3816,27337,N/A,0,none,venue genres unspecified
Maxwell's Concerts and Events,Waterloo,All Genres,Napalm Death,Found,Napalm Death,https://open.spotify.com/artist/3UqRgrDIQ208yNGiWKRMNt,1.0,Found,511876,29435487,"grindcore, death metal, Brutal Death Metal, metal, deathgrind",0,none,venue genres unspecified
Maxwell's Concerts and Events,Waterloo,All Genres,LANSDOWNE,Found,Lansdowne,https://open.spotify.com/artist/5urnoBZifR5YXG5YdCOj34,1.0,Found,74246,803325,"alternative rock, modern rock, alternative, rock, Discoverockult",0,none,venue genres unspecified
Maxwell's Concerts and Events,Waterloo,All Genres,Avalon Stone,Found,Avalon Stone,https://open.spotify.com/artist/01TZdoUJTdNanUe9TRIpcq,1.0,Found,6734,31304,N/A,0,none,venue genres unspecified
Glenn Gould Studio,Toronto,"Classical, Jazz, Pop, Rock, World",Alexis Baro,Found,Alexis Kossenko,https://open.spotify.com/artist/6TShPdvn74qXYM1SoLaAZq,0.62,Found,453,2778,jazz,1,jazz,confirmed
The Mod Club,Toronto,All Genres,Broadway Rave,No match,N/A,N/A,N/A,Found,2,3,N/A,0,none,venue genres unspecified
The Mod Club,Toronto,All Genres,Pile,No match,N/A,N/A,N/A,Found,185702,4538667,"post-hardcore, indie rock, noise rock, j-pop, indie",0,none,venue genres unspecified
The Mod Club,Toronto,All Genres,mclusky,Found,Mclusky,https://open.spotify.com/artist/3xA9AB0f4BVjsSlyQc12iE,1.0,Found,196184,6780385,"noise rock, punk, indie rock, post-hardcore, rock",0,none,venue genres unspecified
The Mod Club,Toronto,All Genres,yung kai,Found,yung kai,https://open.spotify.com/artist/6zO1dZ40fTZ5hY9NnnRJSk,1.0,Found,422189,9353496,"indie, Canadian, rnb, indie rock, malaysian",0,none,venue genres unspecified
The Mod Club,Toronto,All Genres,yung kai,Found,yung kai,https://open.spotify.com/artist/6zO1dZ40fTZ5hY9NnnRJSk,1.0,Found,422189,9353496,"indie, Canadian, rnb, indie rock, malaysian",0,none,venue genres unspecified
The Mod Club,Toronto,All Genres,The Veldt,Found,The Veldt,https://open.spotify.com/artist/7hcJOolMkn9jRAAhaVSFnu,1.0,Found,56919,574102,"shoegaze, dream pop, North Carolina, britpop, alternative rock",0,none,venue genres unspecified
The Mod Club,Toronto,All Genres,The Chameleons,Found,The Chameleons,https://open.spotify.com/artist/4HLWX9kzfraiCsTvrxJEXm,1.0,Found,497960,12239946,"post-punk, new wave, dream pop, 80s, alternative",0,none,venue genres unspecified
The Mod Club,Toronto,All Genres,Concrete Boys,Found,Concrete Boys,https://open.spotify.com/artist/0gUhWNBM04NdCAxYUWlSPJ,1.0,Found,184779,4963600,"rap, Hip-Hop, american, USA, Indie Hip Hop",0,none,venue genres unspecified
The Mod Club,Toronto,All Genres,Concrete Boys,Found,Concrete Boys,https://open.spotify.com/artist/0gUhWNBM04NdCAxYUWlSPJ,1.0,Found,184779,4963600,"rap, Hip-Hop, american, USA, Indie Hip Hop",0,none,venue genres unspecified
The Mod Club,Toronto,All Genres,Lexa Gates,Found,Lexa Gates,https://open.spotify.com/artist/5D70nuec9omH4CXmCGXGTu,1.0,Found,144502,3959659,"United States, jazz rap, funk_add_to_lidarr_batch_16, east coast hip hop",0,none,venue genres unspecified
The 27 Club,Ottawa,All Genres,Felix Cartal,Found,Felix Cartal,https://open.spotify.com/artist/6roDXEmZ6AARdOUv6x5U2v,1.0,Found,331736,3137269,"electro, electronic, Canadian, dirty electro, House",0,none,venue genres unspecified
The 27 Club,Ottawa,All Genres,Witchz,Found,Witchz,https://open.spotify.com/artist/13sKsnhhn9nyyYVbOl7dLD,1.0,Found,79428,2123874,"electronic, United States, Nevada, phonk, viral rap",0,none,venue genres unspecified
The 27 Club,Ottawa,All Genres,Magugu,Found,Magugu,https://open.spotify.com/artist/6zfXNcgsqAJvIgEqWcX9hL,1.0,Found,10033,40884,"Grime, UK, nigeria, dancehall, pidgin rap",0,none,venue genres unspecified
The 27 Club,Ottawa,All Genres,Amos the Transparent,Found,Amos The Transparent,https://open.spotify.com/artist/0bYmEOlTzzd4rpre3nYJQU,1.0,Found,8753,113735,"Canadian, indie, canada, alternative, Ottawa",0,none,venue genres unspecified
The 27 Club,Ottawa,All Genres,The Casualties,Found,The Casualties,https://open.spotify.com/artist/5uMNhVG30JzeZ5xtPb1tqR,1.0,Found,291254,7141257,"punk, street punk, hardcore punk, punk rock, Oi",0,none,venue genres unspecified
The 27 Club,Ottawa,All Genres,The Drowns,Found,The Drowns,https://open.spotify.com/artist/2wbElqOYv4ny7mR8DtP9HT,1.0,Found,5404,78692,"punk, rock, punk rock, american, street punk",0,none,venue genres unspecified
The 27 Club,Ottawa,All Genres,The OBGMs,Found,The OBGMs,https://open.spotify.com/artist/3Sp7HTc7BNbSx0SPiHVeRI,1.0,Found,23025,224450,"punk, Canadian, toronto, hardcore, punk rock",0,none,venue genres unspecified
The 27 Club,Ottawa,All Genres,The Effens,Found,The Effens,https://open.spotify.com/artist/42QZ5QH8mtRjcIDbuFwUHz,1.0,Found,3410,26415,"Grunge, indie, Garage Rock, rock, 47",0,none,venue genres unspecified
The 27 Club,Ottawa,All Genres,Lowertown,Found,Lowertown,https://open.spotify.com/artist/1yI0RRPnOA9BFJmiZ6cEzw,1.0,Found,274892,5978375,"indie rock, indie pop, pop, indie, Lo-Fi",0,none,venue genres unspecified
The 27 Club,Ottawa,All Genres,Bleeker,Found,Bleeker,https://open.spotify.com/artist/64tT0KKbU4AFWkO6v1VvXv,1.0,Found,97964,655827,"my top songs, rock, alternative, alternative rock, Canadian",0,none,venue genres unspecified
Knox Hall,Greater Sudbury,All Genres,Kim Churchill,Found,Kim Churchill,https://open.spotify.com/artist/0ZmJRBCKYicwq9n4FjZpho,1.0,Found,53033,464509,"acoustic, folk, bluegrass, indie, australia",0,none,venue genres unspecified
Knox Hall,Greater Sudbury,All Genres,Mia Kelly,Found,Mia Kelly,https://open.spotify.com/artist/3QvVwM4jqnOtzctJZr2Bch,1.0,Found,2153,17848,N/A,0,none,venue genres unspecified
Knox Hall,Greater Sudbury,All Genres,Jenn Grant,Found,Jenn Grant,https://open.spotify.com/artist/4ll7UpFe9fDtA0g16Vgf5L,1.0,Found,61780,740774,"Canadian, folk, singer-songwriter, female vocalists, indie",0,none,venue genres unspecified
Knox Hall,Greater Sudbury,All Genres,Aysanabee,Found,Aysanabee,https://open.spotify.com/artist/1jbEBKJhX4rRmHD6xW6ve5,1.0,Found,7932,54619,"Canadian, soul, pop, indie, indigenous",0,none,venue genres unspecified
Knox Hall,Greater Sudbury,All Genres,Royal Wood,Found,Royal Wood,https://open.spotify.com/artist/0gpd8R84x5pZaGi5tgZdKc,1.0,Found,53497,524607,"Canadian, singer-songwriter, piano, indie, pop",0,none,venue genres unspecified
Knox Hall,Greater Sudbury,All Genres,Fortunate Ones,Found,Fortunate Ones,https://open.spotify.com/artist/69sHd7jjEkbKxn91qUB60L,1.0,Found,16373,64379,"hip hop, folk, canada, folk pop, underground hip hop",0,none,venue genres unspecified
Knox Hall,Greater Sudbury,All Genres,Crystal Shawanda,Found,Crystal Shawanda,https://open.spotify.com/artist/31X6W8Y4y9E0G78r5Y2rXG,1.0,Found,15454,147458,"country, female vocalists, new country, Canadian, Female country",0,none,venue genres unspecified
Knox Hall,Greater Sudbury,All Genres,At Dawn,No match,N/A,N/A,N/A,Found,10849,41743,"metalcore, death metal, deathcore, Progressive Metalcore, Melodic Death Metal",0,none,venue genres unspecified
Knox Hall,Greater Sudbury,All Genres,Bobby Bazini,Found,Bobby Bazini,https://open.spotify.com/artist/57FbfTkxFU7crAkIEtioth,1.0,Found,53675,374741,"folk, soul, Canadian, guitar, acoustic",0,none,venue genres unspecified
Knox Hall,Greater Sudbury,All Genres,Mo Kenney,Found,Mo Kenney,https://open.spotify.com/artist/37bB4IgC1rMZekz2XvshyS,1.0,Found,16342,125816,"Canadian, canada, acoustic, folk, singer-songwriter",0,none,venue genres unspecified
The Grand,Greater Sudbury,All Genres,Strung Out,Found,Strung Out,https://open.spotify.com/artist/07ATE522e8aDsEb0JVLYqg,1.0,Found,376365,10646106,"punk rock, melodic hardcore, punk, hardcore, rock",0,none,venue genres unspecified
The Grand,Greater Sudbury,All Genres,Tom Green,Found,Tom Green,https://open.spotify.com/artist/60XDacM2oeOtotHE9uMUVY,1.0,Found,34698,220436,"comedy, Canadian, Hip-Hop, rap, hip hop",0,none,venue genres unspecified
The Grand,Greater Sudbury,All Genres,Alestorm,Found,Alestorm,https://open.spotify.com/artist/3OpqU68JpZlzvjAJj3B2Da,1.0,Found,470433,25914461,"folk metal, pirate metal, Power metal, true scottish pirate metal, Scottish",0,none,venue genres unspecified
The Grand,Greater Sudbury,All Genres,Twilight Force,Found,Twilight Force,https://open.spotify.com/artist/0tO6ALWmduAbneXoHmnl2T,1.0,Found,61327,2285483,"Power metal, symphonic metal, symphonic power metal, metal, swedish",0,none,venue genres unspecified
The Grand,Greater Sudbury,All Genres,greyhawk,Found,Greyhawk,https://open.spotify.com/artist/2eOmJMVlhgac2iA8V2fR4W,1.0,Found,3826,66228,"heavy metal, Power metal, traditional heavy metal, NWOTHM, Traditional Metal",0,none,venue genres unspecified
Lounge 390,Greater Sudbury,"All Genres, Acoustic, Alternative, Classic Rock, Country, Indie, Rock, Singer-Songwriter",Phantom Radio Chatter,No match,N/A,N/A,N/A,No match,N/A,N/A,N/A,N/A,none,unverified
Lounge 390,Greater Sudbury,"All Genres, Acoustic, Alternative, Classic Rock, Country, Indie, Rock, Singer-Songwriter",Ace of Wands,Found,Ace of Wands,https://open.spotify.com/artist/5IR3JKwATYkQkUUplaapN7,1.0,Found,715,4295,Canadian,0,none,genre mismatch
Lounge 390,Greater Sudbury,"All Genres, Acoustic, Alternative, Classic Rock, Country, Indie, Rock, Singer-Songwriter",Fortunate Losers,Found,Fortunate Losers,https://open.spotify.com/artist/35TWCzz7TLB5ffsxArlMqh,1.0,Found,446,3033,"Grunge, alternative rock, post-grunge",2,"alternative, rock",confirmed
Lounge 390,Greater Sudbury,"All Genres, Acoustic, Alternative, Classic Rock, Country, Indie, Rock, Singer-Songwriter",Sam Singer,No match,N/A,N/A,N/A,Found,202,3235,N/A,0,none,genre mismatch
Lounge 390,Greater Sudbury,"All Genres, Acoustic, Alternative, Classic Rock, Country, Indie, Rock, Singer-Songwriter",Iron Kingdom,Found,Iron Kingdom,https://open.spotify.com/artist/2pLp6DH9PNhzqvorK0wG1B,1.0,Found,1800,24134,"heavy metal, Power metal, epic metal, speed metal, traditional heavy metal",0,none,genre mismatch
Lounge 390,Greater Sudbury,"All Genres, Acoustic, Alternative, Classic Rock, Country, Indie, Rock, Singer-Songwriter",Skrizzly Adams,Found,Skrizzly Adams,https://open.spotify.com/artist/6cHNKcqDykgDCRgnvKdSfK,1.0,Found,37163,354487,"pop, USA, songwriter, american, 3DoorsDown",0,none,genre mismatch
